"ID","Intent","IntentFullName","Raw data","BaseResponse","ResponseAnswers","Subjects","Verbs","SynonymsID"
"57","NoiDungThuGuiHoDucThanh","Nội dung Thư gửi ông Hồ Đức Thành","Nội dung chính của Thư gửi ông Hồ Đức Thành là: Bác động viên ông Thành chớ nên “vạn phần tàm quý, cứ yên tâm làm việc vì chiến đấu trên mặt trận giáo dục cũng là quan trọng. Đồng thời Bác tán dương ông Thành khi đã viết xong cuốn “Trung Hoa sử lược” và chúc ông sức khoẻ.","Nội dung chính Thư gửi ông Hồ Đức Thành","1_là: Bác động viên ông Thành chớ nên “vạn phần tàm quý, cứ yên tâm làm việc vì chiến đấu trên mặt trận giáo dục cũng là quan trọng. Đồng thời Bác tán dương ông Thành khi đã viết xong cuốn “Trung Hoa sử lược” và chúc ông sức khoẻ","MISC:N:Nội_dung+Np:Thư+V:gửi+Np:Hồ_Đức+Np:Thành","empty","2,30,29,27,28"
"52","ThuGuiLaoQuanNamDan","Thư gửi Đội lão quân huyện Nam Đàn","Thư gửi Đội lão quân huyện Nam Đàn do Hồ Chí Minh viết vào ngày 17-2-1949 .","Thư gửi Đội lão quân huyện Nam Đàn viết","2_ngày 17-2-194#4_bởi Hồ Chí Minh","MISC:N:Thư+V:gửi+N:Đội+N:lão+N:quân+Np:Nam_Đàn","V:viết","1,9"
"5","CacNhomCongSanNuocTaBanDau","Các nhóm cộng sản nước ta ban đầu","Ban đầu, trong nước thành lập ba nhóm cộng sản: Đông Dương Cộng sản Đảng, An Nam Cộng sản Đảng và Đông Dương Cộng sản Liên đoàn.","Ban đầu, trong nước thành lập","1_các nhóm cộng sản: Đông Dương Cộng sản Đảng, An Nam Cộng sản Đảng và Đông Dương Cộng sản Liên đoàn#6_3 nhóm cộng sản","MISC:Nc:nhóm+N:cộng_sản+E:trong+N:nước+N:Ban_đầu","V:thành_lập","8,5,11"
"6","3NhomCongSanKhoThongNhat","Lý do 3 nhóm cộng sản đầu tiên khó thống nhất","3 nhóm cộng sản tại Việt Nam ban đầu khó thống nhất do bệnh hẹp hòi và cách làm không khéo, cho nên càng muốn gần nhau, lại càng xa nhau.","3 nhóm cộng sản tại Việt Nam khó thống nhất","5_do bệnh hẹp hòi và cách làm không khéo, cho nên càng muốn gần nhau, lại càng xa nhau. ","MISC:N:nhóm+N:cộng_sản+Np:Việt_Nam+N:ban_đầu+A:khó+V:thống_nhất","empty","9,13,11,10"
"1","ThuChucMungNamMoi","Thư chúc mừng năm mới","Thư chúc mừng năm mới viết ngày 1-1-1949 bởi Hồ Chí Minh","Thư chúc mừng năm mới viết","2_ngày 1-1-1949#4_bởi Hồ Chí Minh","MISC:Np:Thư+V:chúc_mừng+N:năm+R:mới","V:viết","3,1"
"2","TuyenNgonDangCongSan","Tuyên ngôn Đảng Cộng sản","Năm 1847, Mác và Ăngghen phát biểu “Tuyên ngôn Đảng Cộng sản”","Tuyên ngôn Đảng Cộng sản phát biểu","2_năm 1847#4_bởi Mác và Ăngghen","MISC:N:Tuyên_ngôn+Np:Đảng+A:Cộng_sản","V:phát_biểu","4"
"7","SuThongNhatCuaDang","Thống nhất của 3 nhóm Cộng sản thành một Đảng","Các đại biểu khai hội bên sân đá banh của người Tàu. Vừa giả xem đá banh, vừa bàn bạc về Đảng. Sau cuộc bàn bạc sôi nổi, và sau lời giải thích rõ ràng của đồng chí Nguyễn Ái Quốc, mọi người đều tán thành thống nhất cả ba nhóm Cộng sản ở Việt Nam thành một đảng. Đó là ngày lịch sử mùng 6-1-1930.","3 nhóm cộng sản được thống nhất thành một đảng","2_vào 6/1/1930#4_bởi Nguyễn Ái Quốc","MISC:M:ba+N:nhóm+N:Cộng_sản+Np:Việt_Nam","V:thống_nhất","9,13,11"
"53","NoiDungThuGuiLaoQuanNamDan","Nội dung Thư gửi Đội lão quân huyện Nam Đàn","Thư gửi Đội lão quân huyện Nam Đàn có nội dung chính là: Bác gửi lời chúc mừng Đội lão quân Nam Đàn đã thành lập. Cùng với đó bác gợi ý cho Đội cần phải tổ chức đường hoàng và công tác thiết thực nhằm vào 3 điểm chính: Quân sự, Kinh tế, Văn Hoá. Cuối cùng, Bác nhấn mạnh mục tiêu của đội là làm cho phong trào Thi đua ái quốc sôi nổi và chúc Đội thành công.","Nội dung chính Thư gửi Đội lão quân huyện Nam Đàn","1_là: Bác gửi lời chúc mừng Đội lão quân Nam Đàn đã thành lập. Cùng với đó bác gợi ý cho Đội cần phải tổ chức đường hoàng và công tác thiết thực nhằm vào 3 điểm chính: Quân sự, Kinh tế, Văn Hoá. Cuối cùng, Bác nhấn mạnh mục tiêu của đội là làm cho phong trào Thi đua ái quốc sôi nổi và chúc Đội thành công.","MISC:N:nội_dung+N:Thư+V:gửi+N:Đội+N:lão+N:quân","empty","28,2,30,27,29"
"3","NguoiCongSanDauTien","Người cộng sản đầu tiên của Đông Dương","Người cộng sản đầu tiên của Đông Dương là Nguyễn Ái Quốc.","Người cộng sản đầu tiên của Đông Dương là","4_Nguyễn Ái Quốc","MISC:Nc:Người+N:cộng_sản+A:đầu_tiên+Np:Đông_Dương","empty","5,6,36"
"4","VietNamThanhNienCachMangDongChiHoi","Việt Nam Thanh niên Cách mạng đồng chí Hội","Năm 1925, đồng chí Nguyễn Ái Quốc cùng anh em cách mạng Việt Nam ở Quảng Châu tổ chức Việt Nam Thanh niên Cách mạng đồng chí Hội.","Việt Nam Thanh niên Cách mạng đồng chí Hội tổ chức","3_tại Quảng Châu, Trung Quốc#2_năm 1925#4_bởi Nguyễn Ái Quốc cùng anh em cách mạng Việt Nam","MISC:Np:Việt_Nam+Np:Thanh_niên+Np:Cách_mạng+N:đồng_chí+Np:Hội","V:tổ_chức","7"
"66","NoiDungThuChucMungNamMoi","Nội dung Thư chúc mừng năm mới","thư chúc mừng năm mới có nội dung chính là: Hồ Chí Minh thay mặt Chính phủ chúc đồng bào và chiến sĩ năm mới dương lịch, dặn dò các chiến sĩ, đồng bào, các cán bộ, các cháu thanh niên và nhi đồng ra sức thi đua để đưa kháng chiến và kiến quốc đến nhiều thắng lợi mới và thành công mới.","Nội dung chính của Thư chúc mừng năm mới","1_là: Hồ Chí Minh thay mặt Chính phủ chúc đồng bào và chiến sĩ năm mới dương lịch, dặn dò các chiến sĩ, đồng bào, các cán bộ, các cháu thanh niên và nhi đồng ra sức thi đua để đưa kháng chiến và kiến quốc đến nhiều thắng lợi mới và thành công mới.","MISC:N:nội_dung+N:thư+V:chúc_mừng+N:năm+R:mới","empty","2,27,28,29,3"
"104","OngBacHo","Ông của Bác Hồ","Nguyễn Sinh Nhậm (1827–1870) là ông nội của Hồ Chí Minh","Ông của Hồ Chí Minh","2_sinh năm1827 mất năm 1870#4_tên là Nguyễn Sinh Nhậm","MISC:N:ông+N:nội+Np:Hồ_Chí_Minh","empty","36,37,47"
"34","BacHosinh","Bác Hồ ra đời","Chủ tịch Hồ Chí Minh ra đời tại quê mẹ là làng Hoàng Trù (thường gọi là làng Trùa), xã Chung Cự, tổng Lâm Thịnh, huyện Nam Đàn, tỉnh Nghệ An (nay thuộc xã Kim Liên, huyện Nam Đàn, tỉnh Nghệ An), vào lúc thực dân Pháp đã đặt ách cai trị lên toàn cõi Việt Nam.","Chủ tịch Hồ Chí Minh ra đời","2_vào ngày 19/05/1890#3_tại quê mẹ là làng Hoàng Trù (thường gọi là làng Trùa), xã Chung Cự, tổng Lâm Thịnh, huyện Nam Đàn, tỉnh Nghệ An (nay thuộc xã Kim Liên, huyện Nam Đàn, tỉnh Nghệ An)#6_vào hoàn cảnh thực dân Pháp đã đặt ách cai trị lên toàn cõi Việt Nam.","PER:Np:Hồ_Chí_Minh","V:ra_đời","37,36"
"36","BocuaBacHo","Bố của Chủ tịch Hồ Chí Minh","Thân phụ của Hồ Chí Minh là Nguyễn Sinh Sắc","Thân phụ của Hồ Chí Minh là","4_Nguyễn Sinh Sắc","MISC:N:Thân_phụ+E:của+Np:Hồ_Chí_Minh","empty","39,36,41"
"35","TenKhaiSinhBacHo","Tên khai sinh của Bác Hồ","Chủ tịch Hồ Chí Minh tên khai sinh là Nguyễn Sinh Cung","Tên khai sinh của Chủ tịch Hồ Chí Minh là","1_Nguyễn Sinh Cung","MISC:Np:Hồ_Chí_Minh+N:tên+V:khai_sinh","empty","36,38"
"65","ThuGuiLienDoanLaoDong1","Thư gửi Liên đoàn Lao động Liên khu 1","Thư gửi Liên đoàn Lao động Liên khu 1 do Hồ Chí Minh viết vào tháng 3-1949 .","Thư gửi Liên đoàn Lao động Liên khu 1 viết","2_tháng 3-1949#4_bởi Hồ Chí Minh","MISC:N:Thư+V:gửi+N:Liên_đoàn+N:Lao_động+N:Liên_khu+M:1","V:viết","30,1,2"
"61","ThuGuiChienSiDuongSo5","Thư gửi các chiến sĩ đường số 5","Thư gửi các chiến sĩ đường số 5 do Hồ Chí Minh viết vào tháng 3-1949","Thư gửi các chiến sĩ đường số 5 viết","2_tháng 3-1949#4_bởi Hồ Chí Minh","MISC:N:Thư+V:gửi+N:chiến_sĩ+N:đường+M:5","V:viết","2,30,1,45"
"64","TraLoiStandleyHarrison","Trả lời phỏng vấn của nhà báo Standley Harrison","Hồ Chí Minh trả lời phỏng vấn của nhà báo Standley Harrison vào tháng 3-1949.","Hồ Chí Minh trả lời phỏng vấn của nhà báo Standley Harrison","2_vào tháng 3-1949","MISC:V:phỏng_vấn+N:nhà_báo+E:của+Np:Standley_Harrison#PER:Np:Hồ_Chí_Minh","empty#V:trả_lời",""
"63","TraloiWalterBriggs","Trả lời phỏng vấn của ông Walter Briggs","Hồ Chí Minh trả lời điện phỏng vấn của ông Walter Briggs vào đầu tháng 3-1949","Hồ Chí Minh trả lời điện phỏng vấn của ông Walter Briggs","2_vào tháng 3-1949","PER:Np:Hồ_Chí_Minh#MISC:N:điện+V:phỏng_vấn+E:của+Np:Walter_Briggs","V:trả_lời#empty",""
"60","TraLoiHaroldIssacs","trả lời nhà báo Mỹ Harold Issacs","Hồ Chí Minh trả lời nhà báo Mỹ Harold Issacs vào tháng 3-1949","Hồ Chí Minh trả lời nhà báo Mỹ Harold Issacs","2_vào tháng 3-1949","MISC:N:nhà_báo+Np:Mỹ+Np:Harold_Issacs#PER:Np:Hồ_Chí_Minh","empty#V:trả_lời",""
"59","NoiDungThuGuiToSoiTrungUong","Nội dung Thư gửi ngành tơ sợi Trung ương Bộ kinh tế","Nội dung chính của Thư gửi ngành tơ sợi Trung ương, Bộ kinh tế là: Bác cảm ơn Bộ khi đã tặng Bác bộ áo dứa. Đồng thời Bác bày tỏ sự mong muốn mọi người trong Bộ xung phong Thi đua ái quốc, làm cho ngành tơ sợi phát triển cho mau, cho tốt, cho nhiều để giải quyết vấn đề mặc cho đồng bào.","Nội dung chính Thư gửi ngành tơ sợi Trung ương, Bộ kinh tế","1_là: Bác cảm ơn Bộ khi đã tặng Bác bộ áo dứa. Đồng thời Bác bày tỏ sự mong muốn mọi người trong Bộ xung phong Thi đua ái quốc, làm cho ngành tơ sợi phát triển cho mau, cho tốt, cho nhiều để giải quyết vấn đề mặc cho đồng bào.","MISC:N:Nội_dung+Np:Thư+V:gửi+N:tơ+Nc:sợi+Np:Trung_ương+N:Bộ+N:kinh_tế","empty","28,2,30,27,29"
"54","ThuGuiTruongYTaLienKhu1","Thư gửi nam nữ học viên Trường Y tá Liên khu 1","Thư gửi nam nữ học viên Trường Y tá Liên khu 1 được Hồ Chí Minh viết vào tháng 2-1949.","Thư gửi nam nữ học viên Trường Y tá Liên khu 1 viết","2_tháng 2-1949#4_bởi Hồ Chí Minh","MISC:N:Thư+V:gửi+N:học_viên+Np:Trường+Np:Y_tá+Np:Liên_khu+M:1","V:viết","2,30,1"
"55","NoiDungThuGuiTruongYTaLienKhuI","Nội dung Thư gửi nam nữ học viên Trường Y tá Liên khu 1","Thư gửi nam nữ học viên Trường Y tá Liên khu 1 có nội dung chính là: Bác khẳng định vai trò quan trọng cuả người Y tá, nêu ra những đức tính của người Y tá cần phải có. Đồng thời, bày tỏ mong muốn các chiến sĩ y tá phải xung phong học hành và ngày càng tiến bộ.","Nội dung chính Thư gửi nam nữ học viên Trường Y tá Liên khu 1","1_là: Bác khẳng định vai trò quan trọng cuả người Y tá, nêu ra những đức tính của người Y tá cần phải có. Đồng thời, bày tỏ mong muốn các chiến sĩ y tá phải xung phong học hành và ngày càng tiến bộ","MISC:N:nội_dung+N:Thư+V:gửi+N:học_viên+N:Trường+N:Y_tá+Np:Liên_khu+M:1","empty","28,2,30,27,29"
"49","BocuaBacHosinh","Năm Bố của Bác Hồ ra đời","Thân phụ của Hồ Chí Minh sinh năm 1862","Thân phụ của Hồ Chí Minh sinh","2_năm 1862","MISC:N:Thân_phụ+E:của+Np:Hồ_Chí_Minh","V:sinh","39,36,41,37"
"56","ThuGuiHoDucThanh","Thư gửi ông Hồ Đức Thành","Thư gửi ông Hồ Đức Thành viết vào tháng 2-1949 bởi Hồ Chí Minh.","Thư gửi ông Hồ Đức Thành viết","2_tháng 2-1949#4_bởi Hồ Chí Minh","MISC:N:Thư+V:gửi+Np:Hồ_Đức+Np:Thành","V:viết","2,30,1"
"58","ThuGuiToSoiTrungUong","Thư gửi ngành tơ sợi Trung ương Bộ kinh tế","Thư gửi ngành tơ sợi Trung ương, Bộ kinh tế được Hồ Chí Minh viết vào ngày 3-3-1949","Thư gửi ngành tơ sợi Trung ương, Bộ kinh tế viết","2_ngày 3-3-1949#4_bởi Hồ Chí Minh","MISC:N:Thư+V:gửi+N:ngành+N:tơ+Nc:sợi+Np:Trung_ương+N:Bộ+N:kinh_tế","V:viết","2,30,1"
"51","ReuterPhongVan","Hãng thông tấn Anh Reuter phỏng vấn","Ngày 2-2-1949, phóng viên hãng thông tấn Anh Roitơ (Reuter) từ Pari đã gửi điện phỏng vấn Chủ tịch Hồ Chí Minh.","Hãng thông tấn Anh Reuter gửi điện phỏng vấn Chủ tịch Hồ Chí Minh","2_ngày 2-2-1949","MISC:N:hãng+V:thông_tấn+Np:Roitơ#PER:Np:Hồ_Chí_Minh","V:gửi+N:điện+V:phỏng_vấn#empty","42,30,36"
"9","XovietNgheAnLoiCuon","Lực lượng của Xôviết Nghệ An","Xôviết Nghệ An đã lôi cuốn được cả công nhân, nông dân và học sinh tham gia.","Xôviết Nghệ An lôi cuốn","4_công nhân, nông dân và học sinh tham gia","PER:Np:Xôviết_Nghệ_An","V:lôi_cuốn","14"
"10","DoiDuKichDauTien","Đội du kích đầu tiên","Đội du kích đầu tiên của nước ta thành lập ở Cao Bằng, với 12 người, trong đó có hai nữ đồng chí.","Đội du kích đầu tiên của nước ta thành lập","3_ở Cao Bằng#6_gồm 12 người","MISC:N:Đội+N:du_kích+A:đầu_tiên","V:thành_lập","8"
"62","NoiDungThuGuiChienSiDuongSo5","Nội dung Thư gửi các chiến sĩ đường số 5","Thư gửi các chiến sĩ đường số 5 có nội dung chính là: Bác khen nam nữ dân quân du kích đường số 5 năm ngoái đánh giặc khá, đồng thời động viên mọi người sang năm cố gắng hơn nữa để làm mẫu cho dân quân du kích khác.","Nội dung chính Thư gửi các chiến sĩ đường số 5","1_là: Bác khen nam nữ dân quân du kích đường số 5 năm ngoái đánh giặc khá, đồng thời động viên mọi người sang năm cố gắng hơn nữa để làm mẫu cho dân quân du kích khác","MISC:N:nội_dung+N:Thư+V:gửi+N:chiến_sĩ+N:đường+M:5","empty","2,30,28,27,29"
"8","XovietNgheAn","Xôviết Nghệ An","Xôviết Nghệ An (hay Xôviết Nghệ - Tĩnh) là một cuộc cách mạng oanh liệt đầu tiên do giai cấp vô sản Việt Nam lãnh đạo. Đỉnh cao của phong trào cách mạng bùng nổ vào khoảng năm 1930 - 1931. Xôviết Nghệ - Tĩnh là phong trào đấu tranh chống thực dân Pháp và tay sai của nhân dân ở hai tỉnh Nghệ An và Hà Tĩnh.","Xôviết Nghệ An diễn ra","2_trong năm 1930-1931#3_ở Nghệ An và Hà Tĩnh#6_như là cuộc cách mạng oanh liệt đầu tiên do giai cấp vô sản Việt Nam lãnh đạo. Đỉnh cao của phong trào cách mạng 1930 - 1931.","PER:Np:Xôviết_Nghệ_An","V:bùng_nổ","7"
"67","NoiDungDangTa","Nội dung Bức thư Đảng ta","Bức thư Đảng ta có nội dung chính là: Ông Trần Thắng Lợi kể cho các đồng chí chi bộ nghe về những khó khăn, thiếu thốn nhưng vinh quanh của Đảng ta trong thời kì đầu thành lập.","Nội dung chính của bức thư Đảng ta","1_ là: Ông Trần Thắng Lợi kể cho các đồng chí chi bộ nghe về những khó khăn, thiếu thốn nhưng vinh quanh của Đảng ta trong thời kì đầu thành lập.","MISC:N:nội_dung+N:thư+N:Đảng+P:ta","empty","2,20,28"
"87","NoiDungThuGuiHaNoi","Nội dung chính Thư gửi đồng bào vùng Hà Nội","Nội dung chính của Thư gửi đồng bào vùng Hà Nội là: Bác Hồ bày tỏ lòng thương xót và yêu mến trước sự đau đớn, cực khổ lâu hơn hết của đồng bào vùng Hà Nội. Đồng thời Bác động viên đồng bào vùng Hà Nội dù gian nan khó nhọc đến mấy cũng cố gắng, đoàn kết hơn nữa, quyết đánh tan giặc Pháp để giải phóng khỏi xiềng xích tàn bạo của lũ thực dân.","Nội dung chính của Thư gửi đồng bào vùng Hà Nội là","1_Bác Hồ bày tỏ lòng thương xót và yêu mến trước sự đau đớn, cực khổ lâu hơn hết của đồng bào vùng Hà Nội. Đồng thời Bác động viên đồng bào vùng Hà Nội dù gian nan khó nhọc đến mấy cũng cố gắng, đoàn kết hơn nữa, quyết đánh tan giặc Pháp để giải phóng khỏi xiềng xích tàn bạo của lũ thực dân","MISC:N:Nội_dung+Np:Thư+V:gửi+N:đồng_bào+Np:Hà_Nội","empty","28,27,29"
