{
    "57": [
        {
            "name": "H\u1ed3 Ch\u00ed Minh to\u00e0n t\u1eadp t\u1eadp 6",
            "page": 37,
            "extra_info": ""
        }
    ],
    "52": [
        {
            "name": "H\u1ed3 Ch\u00ed Minh to\u00e0n t\u1eadp t\u1eadp 6",
            "page": 33,
            "extra_info": ""
        }
    ],
    "5": [
        {
            "name": "H\u1ed3 Ch\u00ed Minh to\u00e0n t\u1eadp t\u1eadp 6",
            "page": 2,
            "extra_info": ""
        }
    ],
    "6": [
        {
            "name": "H\u1ed3 Ch\u00ed Minh to\u00e0n t\u1eadp t\u1eadp 6",
            "page": 2,
            "extra_info": ""
        }
    ],
    "1": [
        {
            "name": "H\u1ed3 Ch\u00ed Minh to\u00e0n t\u1eadp t\u1eadp 6",
            "page": 1,
            "extra_info": ""
        }
    ],
    "2": [
        {
            "name": "H\u1ed3 Ch\u00ed Minh to\u00e0n t\u1eadp t\u1eadp 6",
            "page": 2,
            "extra_info": ""
        }
    ],
    "7": [
        {
            "name": "H\u1ed3 Ch\u00ed Minh to\u00e0n t\u1eadp t\u1eadp 6",
            "page": 2,
            "extra_info": ""
        }
    ],
    "53": [
        {
            "name": "H\u1ed3 Ch\u00ed Minh to\u00e0n t\u1eadp t\u1eadp 6",
            "page": 33,
            "extra_info": ""
        }
    ],
    "3": [
        {
            "name": "H\u1ed3 Ch\u00ed Minh to\u00e0n t\u1eadp t\u1eadp 6",
            "page": 2,
            "extra_info": ""
        }
    ],
    "4": [
        {
            "name": "H\u1ed3 Ch\u00ed Minh to\u00e0n t\u1eadp t\u1eadp 6",
            "page": 2,
            "extra_info": ""
        }
    ],
    "66": [
        {
            "name": "H\u1ed3 Ch\u00ed Minh to\u00e0n t\u1eadp t\u1eadp 6",
            "page": 1,
            "extra_info": ""
        }
    ],
    "104": [
        {
            "name": "H\u1ed3 Ch\u00ed Minh - Bi\u00ean Ni\u00ean Ti\u1ec3u S\u1eed - T\u1eadp 1",
            "page": null,
            "extra_info": "T\u1eeb 19/5/1890 \u0111\u1ebfn n\u0103m 1903"
        }
    ],
    "34": [
        {
            "name": "H\u1ed3 Ch\u00ed Minh - Bi\u00ean Ni\u00ean Ti\u1ec3u S\u1eed - T\u1eadp 1",
            "page": 1,
            "extra_info": "T\u1eeb 19/5/1890 \u0111\u1ebfn n\u0103m 1903"
        }
    ],
    "36": [
        {
            "name": "H\u1ed3 Ch\u00ed Minh - Bi\u00ean Ni\u00ean Ti\u1ec3u S\u1eed - T\u1eadp 1",
            "page": 1,
            "extra_info": "T\u1eeb 19/5/1890 \u0111\u1ebfn n\u0103m 1903"
        }
    ],
    "35": [
        {
            "name": "H\u1ed3 Ch\u00ed Minh - Bi\u00ean Ni\u00ean Ti\u1ec3u S\u1eed - T\u1eadp 1",
            "page": 1,
            "extra_info": "T\u1eeb 19/5/1890 \u0111\u1ebfn n\u0103m 1903"
        }
    ],
    "65": [
        {
            "name": "H\u1ed3 Ch\u00ed Minh to\u00e0n t\u1eadp t\u1eadp 6",
            "page": 47,
            "extra_info": ""
        }
    ],
    "61": [
        {
            "name": "H\u1ed3 Ch\u00ed Minh to\u00e0n t\u1eadp t\u1eadp 6",
            "page": 42,
            "extra_info": ""
        }
    ],
    "64": [
        {
            "name": "H\u1ed3 Ch\u00ed Minh to\u00e0n t\u1eadp t\u1eadp 6",
            "page": 45,
            "extra_info": ""
        }
    ],
    "63": [
        {
            "name": "H\u1ed3 Ch\u00ed Minh to\u00e0n t\u1eadp t\u1eadp 6",
            "page": 44,
            "extra_info": ""
        }
    ],
    "60": [
        {
            "name": "H\u1ed3 Ch\u00ed Minh to\u00e0n t\u1eadp t\u1eadp 6",
            "page": 41,
            "extra_info": ""
        }
    ],
    "59": [
        {
            "name": "H\u1ed3 Ch\u00ed Minh to\u00e0n t\u1eadp t\u1eadp 6",
            "page": 38,
            "extra_info": ""
        }
    ],
    "54": [
        {
            "name": "H\u1ed3 Ch\u00ed Minh to\u00e0n t\u1eadp t\u1eadp 6",
            "page": 34,
            "extra_info": ""
        }
    ],
    "55": [
        {
            "name": "H\u1ed3 Ch\u00ed Minh to\u00e0n t\u1eadp t\u1eadp 6",
            "page": 34,
            "extra_info": ""
        }
    ],
    "49": [
        {
            "name": "H\u1ed3 Ch\u00ed Minh - Bi\u00ean Ni\u00ean Ti\u1ec3u S\u1eed - T\u1eadp 1",
            "page": null,
            "extra_info": "T\u1eeb 19/5/1890 \u0111\u1ebfn n\u0103m 1903"
        }
    ],
    "56": [
        {
            "name": "H\u1ed3 Ch\u00ed Minh to\u00e0n t\u1eadp t\u1eadp 6",
            "page": 37,
            "extra_info": ""
        }
    ],
    "58": [
        {
            "name": "H\u1ed3 Ch\u00ed Minh to\u00e0n t\u1eadp t\u1eadp 6",
            "page": 38,
            "extra_info": ""
        }
    ],
    "51": [
        {
            "name": "H\u1ed3 Ch\u00ed Minh to\u00e0n t\u1eadp t\u1eadp 6",
            "page": 31,
            "extra_info": ""
        }
    ],
    "9": [
        {
            "name": "H\u1ed3 Ch\u00ed Minh to\u00e0n t\u1eadp t\u1eadp 6",
            "page": 4,
            "extra_info": ""
        }
    ],
    "10": [
        {
            "name": "H\u1ed3 Ch\u00ed Minh to\u00e0n t\u1eadp t\u1eadp 6",
            "page": 4,
            "extra_info": ""
        }
    ],
    "62": [
        {
            "name": "H\u1ed3 Ch\u00ed Minh to\u00e0n t\u1eadp t\u1eadp 6",
            "page": 42,
            "extra_info": ""
        }
    ],
    "8": [
        {
            "name": "H\u1ed3 Ch\u00ed Minh to\u00e0n t\u1eadp t\u1eadp 6",
            "page": 4,
            "extra_info": ""
        }
    ],
    "67": [
        {
            "name": "H\u1ed3 Ch\u00ed Minh to\u00e0n t\u1eadp t\u1eadp 6",
            "page": 6,
            "extra_info": ""
        }
    ],
    "87": [
        {
            "name": "H\u1ed3 Ch\u00ed Minh to\u00e0n t\u1eadp t\u1eadp 6",
            "page": 62,
            "extra_info": ""
        }
    ]
}