{
    "2": {
        "meaning": "th\u01b0",
        "words": [
            "b\u1ee9c th\u01b0",
            "th\u01b0",
            "l\u00e1 th\u01b0"
        ]
    },
    "30": {
        "meaning": "g\u1eedi",
        "words": [
            "g\u1eedi",
            "g\u1edfi"
        ]
    },
    "29": {
        "meaning": "m\u1ee5c \u0111\u00edch",
        "words": [
            "m\u1ee5c_\u0111\u00edch",
            "ch\u1ee7_\u0111\u00edch",
            "m\u1ee5c_ti\u00eau"
        ]
    },
    "27": {
        "meaning": "n\u00f3i v\u1ec1",
        "words": [
            "b\u00e0n v\u1ec1",
            "vi\u1ebft v\u1ec1",
            "n\u00f3i v\u1ec1",
            "n\u00f3i",
            "\u0111\u1ec1_c\u1eadp"
        ]
    },
    "28": {
        "meaning": "n\u1ed9i dung",
        "words": [
            "\u00fd",
            "n\u1ed9i_dung",
            "\u0111\u1ea1i_\u00fd"
        ]
    },
    "1": {
        "meaning": "vi\u1ebft",
        "words": [
            "vi\u1ebft",
            "ghi",
            "ghi_ch\u00e9p"
        ]
    },
    "9": {
        "meaning": "nh\u00f3m",
        "words": [
            "\u0111o\u00e0n_th\u1ec3",
            "nh\u00f3m",
            "t\u1ed5 ch\u1ee9c",
            "\u0111\u1ed9i"
        ]
    },
    "8": {
        "meaning": "th\u00e0nh l\u1eadp",
        "words": [
            "th\u00e0nh_l\u1eadp",
            "t\u1ea1o_th\u00e0nh",
            "s\u00e1ng_l\u1eadp",
            "g\u00e2y_d\u1ef1ng"
        ]
    },
    "5": {
        "meaning": "\u0111\u1ea7u ti\u00ean",
        "words": [
            "\u0111\u1ea7u_ti\u00ean",
            "ban_\u0111\u1ea7u",
            "th\u1ee7a \u0111\u1ea7u",
            "th\u1ee9 nh\u1ea5t"
        ]
    },
    "11": {
        "meaning": "n\u01b0\u1edbc ta",
        "words": [
            "n\u01b0\u1edbc ta",
            "Vi\u1ec7t_Nam",
            "n\u01b0\u1edbc"
        ]
    },
    "13": {
        "meaning": "th\u1ed1ng nh\u1ea5t",
        "words": [
            "th\u1ed1ng_nh\u1ea5t",
            "k\u1ebft_h\u1ee3p"
        ]
    },
    "10": {
        "meaning": "th\u1eddi k\u00ec \u0111\u1ea7u",
        "words": [
            "th\u1ee7a \u0111\u1ea7u",
            "ban_\u0111\u1ea7u",
            "l\u00fac \u0111\u1ea7u",
            "giai_\u0111o\u1ea1n \u0111\u1ea7u",
            "th\u1eddi_k\u00ec \u0111\u1ea7u"
        ]
    },
    "3": {
        "meaning": "ch\u00fac m\u1eebng",
        "words": [
            "ch\u00fac_m\u1eebng",
            "m\u1eebng",
            "ch\u00fac",
            "c\u1ea7u_ch\u00fac"
        ]
    },
    "4": {
        "meaning": "ph\u00e1t bi\u1ec3u",
        "words": [
            "n\u00f3i",
            "tr\u00ecnh_b\u00e0y",
            "th\u1ec3_hi\u1ec7n",
            "ph\u00e1t_bi\u1ec3u"
        ]
    },
    "6": {
        "meaning": "th\u00e0nh vi\u00ean",
        "words": [
            "th\u00e0nh_vi\u00ean",
            "ng\u01b0\u1eddi",
            "th\u00e0nh_ph\u1ea7n",
            "h\u1ed9i_vi\u00ean"
        ]
    },
    "36": {
        "meaning": "H\u1ed3 Ch\u00ed Minh",
        "words": [
            "B\u00e1c",
            "B\u00e1c_H\u1ed3",
            "H\u1ed3_Ch\u00ed_Minh",
            "Nguy\u1ec5n_\u00c1i_Qu\u1ed1c",
            "Nguy\u1ec5n_Sinh_Cung",
            "H\u1ed3",
            "H\u1ed3_Ch\u1ee7_T\u1ecbch",
            "Nguy\u1ec5n_T\u1ea5t_Th\u00e0nh"
        ]
    },
    "7": {
        "meaning": "di\u1ec5n ra",
        "words": [
            "di\u1ec5n ra",
            "t\u1ed5_ch\u1ee9c",
            "ti\u1ebfn_h\u00e0nh",
            "di\u1ec5n_bi\u1ebfn",
            "b\u00f9ng_n\u1ed5"
        ]
    },
    "37": {
        "meaning": "sinh",
        "words": [
            "\u0111\u1ebb",
            "sinh",
            "ra_\u0111\u1eddi"
        ]
    },
    "47": {
        "meaning": "Qua \u0111\u1eddi",
        "words": [
            "m\u1ea5t",
            "ch\u1ebft",
            "t\u1eeb_tr\u1ea7n"
        ]
    },
    "39": {
        "meaning": "B\u1ed1",
        "words": [
            "th\u00e2n_ph\u1ee5",
            "t\u00eda",
            "b\u1ed1",
            "ph\u1ee5_th\u00e2n",
            "ba"
        ]
    },
    "41": {
        "meaning": "Nguy\u1ec5n Sinh S\u1eafc",
        "words": [
            "Nguy\u1ec5n_Sinh_S\u1eafc",
            "Sinh_S\u1eafc",
            "S\u1eafc"
        ]
    },
    "38": {
        "meaning": "h\u1ed3i nh\u1ecf (th\u1eddi tr\u1ebb con)",
        "words": [
            "h\u1ed3i nh\u1ecf",
            "khai_sinh",
            "th\u1eddi tr\u1ebb_con",
            "th\u1eddi ni\u00ean_thi\u1ebfu",
            "th\u1eddi c\u00f2n th\u01a1",
            "h\u1ed3i \u0111i h\u1ecdc"
        ]
    },
    "45": {
        "meaning": "chi\u1ebfn s\u0129",
        "words": [
            "chi\u1ebfn_s\u0129",
            "chi\u1ebfn_binh",
            "ng\u01b0\u1eddi l\u00ednh",
            "l\u00ednh",
            "binh_s\u0129",
            "b\u1ed9_\u0111\u1ed9i"
        ]
    },
    "42": {
        "meaning": "Th\u00f4ng t\u1ea5n Reuter",
        "words": [
            "Reuter",
            "Roit\u01a1"
        ]
    },
    "14": {
        "meaning": "l\u00f4i cu\u1ed1n",
        "words": [
            "h\u1ea5p_d\u1eabn",
            "l\u00f4i_cu\u1ed1n",
            "h\u00fat_h\u1ed3n",
            "thu_h\u00fat",
            "l\u00f4i_cu\u1ed1n"
        ]
    },
    "20": {
        "meaning": "ta",
        "words": [
            "ta",
            "m\u00ecnh",
            "ch\u00fang_ta",
            "ch\u00fang_m\u00ecnh",
            "\u0110\u1ea3ng ta"
        ]
    }
}