"ID","Intent","IntentFullName","Raw data","BaseResponse","ResponseAnswers","Subjects","Verbs","SynonymsID"
"57","NoiDungThuGuiHoDucThanh","Nội dung Thư gửi ông Hồ Đức Thành","Nội dung chính của Thư gửi ông Hồ Đức Thành là: Bác động viên ông Thành chớ nên “vạn phần tàm quý, cứ yên tâm làm việc vì chiến đấu trên mặt trận giáo dục cũng là quan trọng. Đồng thời Bác tán dương ông Thành khi đã viết xong cuốn “Trung Hoa sử lược” và chúc ông sức khoẻ.","Nội dung chính Thư gửi ông Hồ Đức Thành","1_là: Bác động viên ông Thành chớ nên “vạn phần tàm quý, cứ yên tâm làm việc vì chiến đấu trên mặt trận giáo dục cũng là quan trọng. Đồng thời Bác tán dương ông Thành khi đã viết xong cuốn “Trung Hoa sử lược” và chúc ông sức khoẻ","MISC:N:Nội_dung+Np:Thư+V:gửi+Np:Hồ_Đức+Np:Thành","empty","2,30,29,27,28"
"52","ThuGuiLaoQuanNamDan","Thư gửi Đội lão quân huyện Nam Đàn","Thư gửi Đội lão quân huyện Nam Đàn do Hồ Chí Minh viết vào ngày 17-2-1949 .","Thư gửi Đội lão quân huyện Nam Đàn viết","2_ngày 17-2-194#4_bởi Hồ Chí Minh","MISC:N:Thư+V:gửi+N:Đội+N:lão+N:quân+Np:Nam_Đàn","V:viết","1,9"
"1","ThuChucMungNamMoiNam1949","Thư chúc mừng năm mới năm 1949","Thư chúc mừng năm mới viết ngày 1-1-1949 bởi Hồ Chí Minh","Thư chúc mừng năm mới viết","2_ngày 1-1-1949#4_bởi Hồ Chí Minh","MISC:Np:Thư+V:chúc_mừng+N:năm+R:mới","V:viết","3,1,2"
"215","NgheNghiepHoangDuong","Nghề nghiệp của Hoàng Đường","Nghề nghiệp của Hoàng Đường là mở trường dạy chữ Hán ngay tại nhà cho một số trẻ em trong làng.","Cụ Hoàng Đường","1_mở trường dạy chữ Hán ngay tại nhà cho một số trẻ em trong làng.","MISC:N:Nghề_nghiệp+Np:Hoàng_Đường","empty","78,116"
"3","NguoiCongSanDauTienCuaDongDuong","Người cộng sản đầu tiên của Đông Dương","Người cộng sản đầu tiên của Đông Dương là Nguyễn Ái Quốc.","Người cộng sản đầu tiên của Đông Dương là","4_Nguyễn Ái Quốc","MISC:Nc:Người+N:cộng_sản+A:đầu_tiên+Np:Đông_Dương","empty","5,6,36"
"187","NguyenTatThanhHocTaiTruongTieuHocPhapBanXu","Nguyễn Tất Thành học tại trường tiểu học Pháp - bản xứ","Khoảng tháng 9 năm 1905, Nguyễn Tất Thành được ông Nguyễn Sinh Huy xin cho theo học lớp dự bị (préparatoire) Trường tiểu học Pháp - bản xứ ở thành phố Vinh, cách Kim Liên khoảng 14km.","Nguyễn Tất Thành học tại trường tiểu học Pháp - bản xứ","1_lớp dự bị (préparatoire)#2_vào khoảng tháng 9 năm 1905#3_ở thành phố Vinh, cách Kim Liên khoảng 14km","LOC:Np:Nguyễn_Tất_Thành","V:học+N:tiểu_học+Np:Pháp","36,100,101"
"216","HoChiMinhQuaDoi","Chủ tịch Hồ Chí minh qua đời","9 giờ 47 ngày 2-9-1969, Chủ tịch Hồ Chí Minh qua đời sau một cơn đau tim đột ngột rất nặng, thọ 79 tuổi.","Hồ Chí Minh qua đời","2_vào 9 giờ 47 ngày 2-9-1969#5_sau một cơn đau tim đột ngột rất nặng","PER:Np:Hồ_Chí_Minh","V:qua_đời","36,47,104,100"
"53","NoiDungThuGuiLaoQuanNamDan","Nội dung Thư gửi Đội lão quân huyện Nam Đàn","Thư gửi Đội lão quân huyện Nam Đàn có nội dung chính là: Bác gửi lời chúc mừng Đội lão quân Nam Đàn đã thành lập. Cùng với đó bác gợi ý cho Đội cần phải tổ chức đường hoàng và công tác thiết thực nhằm vào 3 điểm chính: Quân sự, Kinh tế, Văn Hoá. Cuối cùng, Bác nhấn mạnh mục tiêu của đội là làm cho phong trào Thi đua ái quốc sôi nổi và chúc Đội thành công.","Nội dung chính Thư gửi Đội lão quân huyện Nam Đàn","1_là: Bác gửi lời chúc mừng Đội lão quân Nam Đàn đã thành lập. Cùng với đó bác gợi ý cho Đội cần phải tổ chức đường hoàng và công tác thiết thực nhằm vào 3 điểm chính: Quân sự, Kinh tế, Văn Hoá. Cuối cùng, Bác nhấn mạnh mục tiêu của đội là làm cho phong trào Thi đua ái quốc sôi nổi và chúc Đội thành công.","MISC:N:nội_dung+N:Thư+V:gửi+N:Đội+N:lão+N:quân","empty","2,30,27,28,29"
"4","VietNamThanhNienCachMangDongChiHoi","Việt Nam Thanh niên Cách mạng đồng chí Hội","Năm 1925, đồng chí Nguyễn Ái Quốc cùng anh em cách mạng Việt Nam ở Quảng Châu tổ chức Việt Nam Thanh niên Cách mạng đồng chí Hội.","Việt Nam Thanh niên Cách mạng đồng chí Hội tổ chức","2_năm 1925#3_tại Quảng Châu, Trung Quốc#4_bởi Nguyễn Ái Quốc cùng anh em cách mạng Việt Nam","MISC:Np:Việt_Nam+Np:Thanh_niên+Np:Cách_mạng+N:đồng_chí+Np:Hội","V:tổ_chức","7"
"5","CacNhomCongSanNuocTaBanDau","Các nhóm cộng sản nước ta ban đầu","Ban đầu, trong nước thành lập ba nhóm cộng sản: Đông Dương Cộng sản Đảng, An Nam Cộng sản Đảng và Đông Dương Cộng sản Liên đoàn.","Ban đầu, trong nước thành lập","1_các nhóm cộng sản: Đông Dương Cộng sản Đảng, An Nam Cộng sản Đảng và Đông Dương Cộng sản Liên đoàn#6_3 nhóm cộng sản","MISC:Nc:nhóm+N:cộng_sản+E:trong+N:nước+N:Ban_đầu","V:thành_lập","8,5,9"
"6","3NhomCongSanKhoThongNhat","Lý do 3 nhóm cộng sản đầu tiên khó thống nhất","3 nhóm cộng sản tại Việt Nam ban đầu khó thống nhất do bệnh hẹp hòi và cách làm không khéo, cho nên càng muốn gần nhau, lại càng xa nhau.","3 nhóm cộng sản tại Việt Nam ban đầu","5_do bệnh hẹp hòi và cách làm không khéo, cho nên càng muốn gần nhau, lại càng xa nhau. #6_khó thống nhất","MISC:M:3+N:nhóm+N:cộng_sản+E:tại+Np:Việt_Nam+N:ban_đầu","empty","9,13,11,10"
"2","TuyenNgonDangCongSan","Tuyên ngôn Đảng Cộng sản","Năm 1847, Mác và Ăngghen phát biểu “Tuyên ngôn Đảng Cộng sản”","Tuyên ngôn Đảng Cộng sản phát biểu","2_năm 1847#4_bởi Mác và Ăngghen","MISC:N:Tuyên_ngôn+Np:Đảng+A:Cộng_sản","V:phát_biểu","4"
"200","NguyenSinhSacGiamThiKyThiHuong","Nguyễn Sinh Sắc đi làm giám thị kỳ thi Hương","Gần cuối năm 1900, Nguyễn Sinh Cung ở Huế với mẹ trong thời gian ông Nguyễn Sinh Sắc đi làm giám thị kỳ thi Hương tại Thanh Hoá, đưa Nguyễn Sinh Khiêm đi cùng.","Cụ Nguyễn Sinh Sắc làm giám thị","1_kỳ thi Hương#2_vào gần cuối năm 1900#3_tại Thanh Hóa","PER:Np:Nguyễn_Sinh_Sắc","V:làm+N:giám_thị","100,101,41,95"
"29","KetQuaHopHoiDongChinhPhuNam1949","Kết quả cuộc họp Hội đồng Chính phủ năm 1949","Kết quả cuộc họp Hội đồng Chính phủ là: Chính phủ đã kiểm điểm kỹ càng những thành công và những khuyết điểm trong năm vừa qua. Và đã chuẩn y những chương trình cùng kế hoạch của các bộ trong năm 1949.","Kết quả cuộc họp Hội đồng Chính phủ","1_là: Chính phủ đã kiểm điểm kỹ càng những thành công và những khuyết điểm trong năm vừa qua. Và đã chuẩn y những chương trình cùng kế hoạch của các bộ trong năm 1949","MISC:N:Kết_quả+V:họp+Np:Hội_đồng_Chính_phủ","empty","7,53,74"
"14","DangTaLaChiNhanhChinhThuc","Đảng Cộng sản Việt Nam được công nhận là một thành viên chính thức của Quốc Tế 3","Năm 1935, Đảng ta được Quốc tế Cộng sản nhận làm một chi nhánh chính thức.","Đảng ta được Quốc tế Cộng sản nhận","1_làm một chi nhánh chính thức#2_vào năm 1935","MISC:N:Đảng+P:ta#MISC:N:Quốc_tế+A:Cộng_sản","empty#V:nhận+N:chi_nhánh+A:chính_thức","23,24,25,54,20"
"23","ThuGuiDienChuHuyenYenDungBacGiang","Thư gửi các điền chủ huyện Yên Dũng Bắc Giang","Thư gửi các điền chủ huyện Yên Dũng, Bắc Giang do Hồ Chí Minh viết vào tháng 1-1949","Thư gửi các điền chủ huyện Yên Dũng, Bắc Giang viết","2_tháng 1-1949#4_bởi Hồ Chí Minh","MISC:N:Thư+V:gửi+N:điền_chủ+Np:Yên_Dũng+Np:Bắc_Giang","V:viết","2,30,56"
"67","NoiDungBucThuDangTa","Nội dung Bức thư Đảng ta","Bức thư Đảng ta có nội dung chính là: Ông Trần Thắng Lợi kể cho các đồng chí chi bộ nghe về những khó khăn, thiếu thốn nhưng vinh quanh của Đảng ta trong thời kì đầu thành lập.","Nội dung chính của bức thư Đảng ta","1_ là: Ông Trần Thắng Lợi kể cho các đồng chí chi bộ nghe về những khó khăn, thiếu thốn nhưng vinh quanh của Đảng ta trong thời kì đầu thành lập.","MISC:N:nội_dung+N:thư+N:Đảng+P:ta","empty","2,20,28"
"19","ThuChienSiDuKichHongSinhXaNguLaoHuyenHoaAn","Thư gửi chiến sĩ du kích Hồng Sinh xã Ngũ Lão huyện Hoà An","Thư gửi chiến sĩ du kích Hồng Sinh, xã Ngũ Lão, huyện Hoà An do Hồ Chí Minh viết vào tháng 1-1949","Thư gửi chiến sĩ du kích Hồng Sinh, xã Ngũ Lão, huyện Hoà An viết","2_tháng 1-1949#4_bởi Hồ Chí Minh","MISC:N:Thư+V:gửi+N:chiến_sĩ+N:du_kích+Np:Hồng_Sinh+N:xã+Np:Ngũ_Lão+N:huyện+Np:Hoà_An","V:viết","2,30,45,1"
"26","NoiDungYKienBaoCao1948","Nội dung Bản Ý kiến về báo cáo năm 1949","Nội dung chính của bản Ý kiến về báo cáo năm 1948 của các bộ là: Hồ Chí Minh phản hồi lại báo cáo của các bộ. Cụ thể Bác chỉ ra những thiếu sót, những khuyết điểm của các bộ.","Nội dung chính bản Ý kiến về báo cáo năm 1948 của các bộ","1_là: Hồ Chí Minh phản hồi lại báo cáo của các bộ. Cụ thể Bác chỉ ra những thiếu sót, những khuyết điểm của các bộ","MISC:N:Nội_dung+Np:Ý_kiến+V:báo_cáo+M:1948","empty","27,26,28,29"
"32","ThuChucTetVungTamChien","Thư chúc Tết đồng bào trong vùng tạm bị địch chiếm","Thư chúc Tết đồng bào trong vùng tạm bị địch chiếm do Hồ Chí Minh viết","Thư chúc Tết đồng bào trong vùng tạm bị địch chiếm viết","4_bởi Hồ Chí Minh","MISC:Np:Thư+V:chúc+N:Tết+N:đồng_bào+N:vùng+N:địch+A:tạm+V:chiếm","V:viết","2,1,3"
"20","ThuCanBoDanQuanTruongLeBinhKhoa2","Thư gửi các cán bộ dân quân trường Lê Bình khoá 2","Thư gửi các cán bộ, dân quân trường Lê Bình khoá 2 được Bác viết vào tháng 1-1949","Thư gửi các cán bộ, dân quân trường Lê Bình khoá 2 viết","2_tháng 1-1949#4_bởi Hồ Chí Minh","MISC:N:Thư+V:gửi+N:cán_bộ+N:dân_quân+N:trường+Np:Lê_Bình","V:gửi","2,30,1,57"
"22","NoiDungThuCanBoDanQuanTruongLeBinhKhoa2","Nội dung Thư gửi các cán bộ dân quân trường Lê Bình khoá 2","Nội dung chính của Thư gửi các cán bộ, dân quân trường Lê Bình khoá 2 là: Bác dặn dò các cán bộ, quân dân trường Lê Bình tổ chức, luyện tập, chuẩn bị tốt; khuyến khích mọi người nên thi đua với nhau, ai có công to nhất sẽ được Bác cho một giải thưởng đặc biệt.","Nội dung chính thư gửi các cán bộ, dân quân trường Lê Bình khoá 2","1_là: Bác dặn dò các cán bộ, quân dân trường Lê Bình tổ chức, luyện tập, chuẩn bị tốt; khuyến khích mọi người nên thi đua với nhau, ai có công to nhất sẽ được Bác cho một giải thưởng đặc biệt.","MISC:N:Nội_dung+Np:Thư+V:gửi+N:cán_bộ+N:dân_quân+N:trường+Np:Lê_Bình+N:khoá+M:2","empty","28,2,30,27,29"
"217","TuoiThoHoChiMinh","Tuổi thọ của Hồ Chí Minh","Chủ tịch Hồ Chí Minh tuổi thọ là 79 tuổi.","Chủ tịch Hồ Chí Minh","6_thọ 79 tuổi","MISC:Np:Hồ_Chí_Minh+N:tuổi_thọ","empty","36,115"
"17","BaiNoiChuyenTrongBuoiBeMacHoiNghiCanBoLan6","Bài nói chuyện trong buổi bế mạc Hội nghị Cán bộ của Đảng lần thứ sáu","Bài nói chuyện trong buổi bế mạc Hội nghị Cán bộ của Đảng lần thứ sáu được nói vào ngày 18-1-1949 bởi Hồ Chí Minh","Bài nói chuyện trong buổi bế mạc Hội nghị Cán bộ của Đảng lần thứ sáu được nói","2_vào 18-1-1949#4_bởi Hồ Chí Minh","MISC:N:Bài+V:nói_chuyện+N:buổi+V:bế_mạc+N:Hội_nghị+N:Cán_bộ+N:Đảng+N:lần_thứ_sáu","V:nói","4,59,60,58,54"
"16","NoiDungBanKiemDiemCongViecThang1Nam1949","Nội dung bản Kiểm điểm công việc của Đảng tháng 1 năm 1949","Nội dung chính của bản Kiểm điểm công việc của Đảng là: Nêu tình hình chung, kể ra những chiến cônng, những khuyết điểm cần khắc phục của Đảng ta qua các giao đoạn.","Nội dung chính bản Kiểm điểm công việc của Đảng","1_là :nêu tình hình chung, kể ra những chiến cônng, những khuyết điểm cần khắc phục của Đảng ta qua các giao đoạn.","MISC:N:Nội_dung+A:chính+N:bản+N:Kiểm_điểm+N:công_việc+N:Đảng","empty","26,28,18,54"
"15","BanKiemDiemCongViecCuaDangThang1Nam1949","Bản Kiểm điểm công việc của Đảng tháng 1 năm 1949","Bản Kiểm điểm công việc của Đảng viết vào đầu tháng 1-1949 bởi Hồ Chí Minh","Bản Kiểm điểm công việc của Đảng viết","2_vào đầu tháng 1-1949#4_bởi Hồ Chí Minh","MISC:N:Bản+N:Kiểm_điểm+N:công_việc+N:Đảng","V:viết","26,1,18,54"
"21","NoiDungThuChienSiDuKichHongSinhXaNguLaoHuyenHoaAn","Nội dung Thư gửi chiến sĩ du kích Hồng Sinh xã Ngũ Lão huyện Hoà An","Nội dung chính của Thư gửi chiến sĩ du kích Hồng Sinh, xã Ngũ Lão, huyện Hoà An là: Bác tuyên dương chiến sĩ Hồng Sinh vì giết được 16 tên giặc, đồng thời bày tỏ mong muốn nam nữ du kích Cao Bằng noi theo tấm gương này.","Nội dung chính thư gửi chiến sĩ du kích Hồng Sinh, xã Ngũ Lão, huyện Hoà An","1_là :Bác tuyên dương chiến sĩ Hồng Sinh vì giết được 16 tên giặc, đồng thời bày tỏ mong muốn nam nữ du kích Cao Bằng noi theo tấm gương ấy","MISC:N:Nội_dung+Np:Thư+V:gửi+N:du_kích+Np:Hồng_Sinh+N:xã+Np:Ngũ_Lão+N:huyện+Np:Hoà_An","empty","28,27,29,30,2,45"
"13","BucThuDangTa","Bức thư Đảng ta","Bức thư Đảng ta được ông Trần Thắng Lợi viết vào năm 1949, gửi tặng cho các đồng chí chi bộ.","Bức thư Đảng ta viết","2_năm 1949#4_bởi Trần Thắng Lợi","MISC:Nc:Bức+N:thư+Np:Đảng+P:ta","V:viết","20,54,2"
"27","ThoChucTetNam1949","Thơ chúc tết năm 1949","Thơ chúc tết được Bác viết vào xuân Kỷ Sửu-1949","Thơ chúc tết viết","2_vào xuân Kỷ Sửu năm 1949#4_bởi Hồ Chí Minh","MISC:N:Thơ+V:chúc+N:tết","V:viết","1,3"
"25","YKienBaoCao1948","Bản Ý kiến về báo cáo năm 1948 của các bộ","Bản Ý kiến về báo cáo năm 1948 của các bộ do Hồ Chí Minh viết vào tháng 1-1949","Bản Ý kiến về báo cáo năm 1948 của các bộ viết","2_tháng 1-1949#4_bởi Hồ Chí Minh","MISC:Np:Ý_kiến+V:báo_cáo+M:1948","V:viết","26,1,55"
"74","ThuGuiVanTaiSongThao","Thư gửi Công đoàn vận tải Sông Thao (Yên Bái)","Hồ Chí Minh đã viết Thư gửi Công đoàn vận tải Sông Thao (Yên Bái)","Thư gửi Công đoàn vận tải Sông Thao (Yên Bái) được viết","4_bởi Hồ Chí Minh","MISC:Np:Thư+V:gửi+N:Công_đoàn+V:vận_tải+N:Sông+Np:Thao","V:viết","2,30,36"
"61","ThuGuiChienSiDuongSo5","Thư gửi các chiến sĩ đường số 5","Thư gửi các chiến sĩ đường số 5 do Hồ Chí Minh viết vào tháng 3-1949","Thư gửi các chiến sĩ đường số 5 viết","2_tháng 3-1949#4_bởi Hồ Chí Minh","MISC:N:Thư+V:gửi+N:chiến_sĩ+N:đường+M:5","V:viết","2,30,1,45"
"7","SuThongNhatCua3NhomCongSanThanhDang","Thống nhất của 3 nhóm Cộng sản thành một Đảng","Các đại biểu khai hội bên sân đá banh của người Tàu. Vừa giả xem đá banh, vừa bàn bạc về Đảng. Sau cuộc bàn bạc sôi nổi, và sau lời giải thích rõ ràng của đồng chí Nguyễn Ái Quốc, mọi người đều tán thành thống nhất cả ba nhóm Cộng sản ở Việt Nam thành một đảng. Đó là ngày lịch sử mùng 6-1-1930.","3 nhóm cộng sản được thống nhất thành một đảng","2_vào 6/1/1930#4_bởi Nguyễn Ái Quốc và các đại biểu khác#6_trong lúc các đại biểu khai hội bên sân đá banh của người Tàu. Vừa giả xem đá banh, vừa bàn bạc về Đảng. Sau cuộc bàn bạc sôi nổi, và sau lời giải thích rõ ràng của đồng chí Nguyễn Ái Quốc, mọi người đều tán thành thống nhất","MISC:M:ba+N:nhóm+N:Cộng_sản+Np:Việt_Nam","V:thống_nhất","9,13,11"
"64","TraLoiPhongVanStandleyHarrison","Trả lời phỏng vấn của nhà báo Standley Harrison","Hồ Chí Minh trả lời phỏng vấn của nhà báo Standley Harrison vào tháng 3-1949.","Hồ Chí Minh trả lời phỏng vấn của nhà báo Standley Harrison","2_vào tháng 3-1949","MISC:V:phỏng_vấn+N:nhà_báo+E:của+Np:Standley_Harrison#PER:Np:Hồ_Chí_Minh","empty#V:trả_lời","36,51"
"65","ThuGuiLienDoanLaoDong1","Thư gửi Liên đoàn Lao động Liên khu 1","Thư gửi Liên đoàn Lao động Liên khu 1 do Hồ Chí Minh viết vào tháng 3-1949 .","Thư gửi Liên đoàn Lao động Liên khu 1 viết","2_tháng 3-1949#4_bởi Hồ Chí Minh","MISC:N:Thư+V:gửi+N:Liên_đoàn+N:Lao_động+N:Liên_khu+M:1","V:viết","30,1,2"
"66","NoiDungThuChucMungNamMoi","Nội dung Thư chúc mừng năm mới","thư chúc mừng năm mới có nội dung chính là: Hồ Chí Minh thay mặt Chính phủ chúc đồng bào và chiến sĩ năm mới dương lịch, dặn dò các chiến sĩ, đồng bào, các cán bộ, các cháu thanh niên và nhi đồng ra sức thi đua để đưa kháng chiến và kiến quốc đến nhiều thắng lợi mới và thành công mới.","Nội dung chính của Thư chúc mừng năm mới","1_là: Hồ Chí Minh thay mặt Chính phủ chúc đồng bào và chiến sĩ năm mới dương lịch, dặn dò các chiến sĩ, đồng bào, các cán bộ, các cháu thanh niên và nhi đồng ra sức thi đua để đưa kháng chiến và kiến quốc đến nhiều thắng lợi mới và thành công mới.","MISC:N:nội_dung+N:thư+V:chúc_mừng+N:năm+R:mới","empty","2,27,28,29,3"
"68","NoiDungThuGuiLienDoanLaoDong1","Nội dung Thư gửi Liên đoàn Lao động Liên khu 1","Thư gửi Liên đoàn Lao động Liên khu 1 có nội dung chính là: Bác cảm ơn đoàn vì đã biếu bác thanh kiếm và đã đã nhân danh đoàn tặng thanh kiếm ấy làm giải thưởng cho bộ đội nào ở Nam Bộ lập chiến công to nhất năm nay. Đồng thời, Bác bày tỏ mong muốn tất cả đoàn xung phong thi đua ái quốc, giúp đỡ đồng bào thi đua ái quốc.","Nội dung chính Thư gửi Liên đoàn Lao động Liên khu 1","1_là: Bác cảm ơn đoàn vì đã biếu bác thanh kiếm và đã đã nhân danh đoàn tặng thanh kiếm ấy làm giải thưởng cho bộ đội nào ở Nam Bộ lập chiến công to nhất năm nay. Đồng thời, Bác bày tỏ mong muốn tất cả đoàn xung phong thi đua ái quốc, giúp đỡ đồng bào thi đua ái quốc","MISC:N:nội_dung+N:Thư+V:gửi+N:Liên_đoàn+N:Lao_động+Np:Liên_khu+M:1","empty","2,30,27,28,29"
"72","ThuChucTetVungTamChienDangBaoCuuQuoc1949","Thư chúc Tết đồng bào trong vùng tạm bị địch chiếm đăng báo cứu quốc năm 1949","Thư chúc Tết đồng bào trong vùng tạm bị địch chiếm đăng trên báo Cứu quốc ngày 2-2-1949","Thư chúc Tết đồng bào trong vùng tạm bị địch chiếm đăng","1_trên báo Cứu quốc#2_báo vào ngày 2-2-1949","MISC:Np:Thư+V:chúc+N:Tết+N:đồng_bào+N:vùng+A:tạm+N:địch+V:chiếm","V:đăng","2,3,83"
"73","ThuChucTetNhiDongDangBaoCuuQuoc1949","Thư chúc Tết các cháu nhi đồng toàn quốc đăng báo Cứu quốc 1949","Thư chúc Tết các cháu nhi đồng toàn quốc đăng trên báo Cứu quốc ngày 2-2-1949","Thư chúc Tết các cháu nhi đồng toàn quốc đăng","1_trên báo Cứu quốc#2_báo vào ngày 2-2-1949","MISC:Np:Thư+V:chúc+N:Tết+N:nhi_đồng+N:toàn_quốc","V:đăng","2,3,84"
"75","ThuGuiVanTaiSongThaoDangBao","Thư gửi Công đoàn vận tải Sông Thao (Yên Bái) đăng báo","Thư gửi Công đoàn vận tải Sông Thao (Yên Bái) đăng trên báo Cứu quốc, số 1206, ngày 1-4-1949.","Thư gửi Công đoàn vận tải Sông Thao (Yên Bái) đăng","1_trên Báo Cứu quốc, số 1206#2_báo vào ngày 1-4-1949","MISC:N:Thư+V:gửi+N:Công_đoàn+V:vận_tải+N:Sông+Np:Thao","V:đăng","2,30,46"
"30","ThaiDoVoiVinhThuy","Thái độ của ta với Vĩnh Thụy","Thái độ ta đối với Vĩnh Thụy là: Ông Vĩnh Thụy đã trịnh trọng thề trung thành với Tổ quốc, với nhân dân và Chính phủ. Nếu ông ấy cam tâm buôn dân bán nước, thì ông ấy sẽ bị tội phản quốc như những kẻ phản quốc khác.","Thái độ ta đối với Vĩnh Thụy","1_là : Ông Vĩnh Thụy đã trịnh trọng thề trung thành với Tổ quốc, với nhân dân và Chính phủ. Nếu ông ấy can tâm buôn dân bán nước, thì ông ấy sẽ bị ta gán tội phản quốc như những kẻ phản quốc khác","MISC:N:Thái_độ+P:ta+Np:Vĩnh_Thuỵ","empty","20,33,34"
"174","NguyenSinhKhiem","Ông Nguyễn Sinh Khiêm","Anh của Hồ Chí Minh là Nguyễn Sinh Khiêm, còn có tên là Nguyễn Tất Đạt, sinh năm 1888, quê ở làng Kim Liên (thường gọi là làng sen) cùng thuộc xã Chung Cự, cách Hoàng Trù 2km (nay thuộc tỉnh Nghệ An)","Ông Nguyễn Sinh Khiêm","1_còn có tên khác là Nguyễn Tất Đạt.#4_là anh trai của Bác Hồ, là con của Nguyễn Sinh Sắc và Hoàng Thị Loan, cháu của cụ Hoàng Đường và Nguyễn Thị Kép.","PER:Np:Nguyễn_Sinh_Khiêm","empty","65,106,71,102"
"185","NguyenTatThanhBuocDauTuTuongYeuNuoc","Nguyễn Tất Thành bước đầu tiếp thu tư tưởng yêu nước","khoảng năm 1901 - 1902, Nguyễn Tất Thành bước đầu tiếp thu tư tưởng yêu nước từ các bậc cha chú thông qua mối quan hệ giữa cha với các sĩ phu trong vùng.","Nguyễn Tất Thành bước đầu tiếp thu tư tưởng yêu nước","2_vào khoảng năm 1901 - 1902#4_từ các bậc cha chú#6_bằng cách thông qua mối quan hệ giữa cha với các sĩ phu trong vùng","MISC:Np:Nguyễn_Tất_Thành+N:bước_đầu","V:tiếp_thu+N:tư_tưởng+V:yêu+N:nước","36,73,72,100,102"
"18","NoiDungBaiNoiChuyenHoiNghiLan6","Nội dung Bài nói chuyện trong buổi bế mạc Hội nghị Cán bộ của Đảng lần thứ sáu","Nội dung chính của Bài nói chuyện trong buổi bế mạc Hội nghị Cán bộ của Đảng lần thứ sáu là: Nêu ra những việc cần làm của Đảng ta trong năm, chỉ ra những khó khăn, thiếu thốn mà ta đang gặp phải, nói lên những khuyết điểm trong lối làm việc trong Đảng lúc bấy giờ.","Nội dung chính Bài nói chuyện trong buổi bế mạc Hội nghị Cán bộ của Đảng lần thứ sáu","1_là :Nêu ra những việc cần làm của Đảng ta trong năm, chỉ ra những khó khăn, thiếu thốn mà ta đang gặp phải, nói lên những khuyết điểm trong lối làm việc trong Đảng lúc bấy giờ.","MISC:N:Nội_dung+N:Bài+V:nói_chuyện+V:bế_mạc+N:Hội_nghị+N:Cán_bộ+N:Đảng+N:lần_thứ_sáu","empty","29,58,59,60,57"
"60","TraLoiNhaBaoMyHaroldIssacs","trả lời nhà báo Mỹ Harold Issacs","Hồ Chí Minh trả lời nhà báo Mỹ Harold Issacs vào tháng 3-1949","Hồ Chí Minh trả lời nhà báo Mỹ Harold Issacs","2_vào tháng 3-1949","MISC:N:nhà_báo+Np:Mỹ+Np:Harold_Issacs#PER:Np:Hồ_Chí_Minh","empty#V:trả_lời","36,51"
"202","NguyenSinhSacDayConKhiVeNhaMoi","Nguyễn Sinh Sắc dạy các con khi về nhà mới","Về nhà mới, ông Nguyễn Sinh Sắc thường dạy các con ông: “Vật dĩ quan gia vi ngô phong dạng” (nghĩa là đừng lấy phong cách nhà quan làm phong cách nhà mình).","Nguyễn Sinh Sắc dạy các con mình","1_""Vật dĩ quan gia vi ngô phong dạng"" có nghĩa là đừng lấy phong cách nhà làm quan làm phong cách nhà mình","PER:Np:Nguyễn_Sinh_Sắc","V:dạy+N:con","41,95,105"
"54","ThuGuiTruongYTaLienKhu1","Thư gửi nam nữ học viên Trường Y tá Liên khu 1","Thư gửi nam nữ học viên Trường Y tá Liên khu 1 được Hồ Chí Minh viết vào tháng 2-1949.","Thư gửi nam nữ học viên Trường Y tá Liên khu 1 viết","2_tháng 2-1949#4_bởi Hồ Chí Minh","MISC:N:Thư+V:gửi+N:học_viên+Np:Trường+Np:Y_tá+Np:Liên_khu+M:1","V:viết","2,30,1"
"69","ThuCamOnVuHuuDung","Thư cảm ơn ông Vũ Hữu Đủng","Thư cảm ơn ông Vũ Hữu Đủng do Hồ Chí Minh viết vào tháng 3 năm 1949","Thư cảm ơn ông Vũ Hữu Đủng viết","2_tháng 3-1949#4_bởi Hồ Chí Minh","MISC:Np:Thư+V:cảm_ơn+Np:Vũ_Hữu_Đủng","V:viết","2,1,70"
"58","ThuGuiToSoiTrungUong","Thư gửi ngành tơ sợi Trung ương Bộ kinh tế","Thư gửi ngành tơ sợi Trung ương, Bộ kinh tế được Hồ Chí Minh viết vào ngày 3-3-1949","Thư gửi ngành tơ sợi Trung ương, Bộ kinh tế viết","2_ngày 3-3-1949#4_bởi Hồ Chí Minh","MISC:N:Thư+V:gửi+N:ngành+N:tơ+Nc:sợi+Np:Trung_ương+N:Bộ+N:kinh_tế","V:viết","2,30,1"
"59","NoiDungThuGuiToSoiTrungUong","Nội dung Thư gửi ngành tơ sợi Trung ương Bộ kinh tế","Nội dung chính của Thư gửi ngành tơ sợi Trung ương, Bộ kinh tế là: Bác cảm ơn Bộ khi đã tặng Bác bộ áo dứa. Đồng thời Bác bày tỏ sự mong muốn mọi người trong Bộ xung phong Thi đua ái quốc, làm cho ngành tơ sợi phát triển cho mau, cho tốt, cho nhiều để giải quyết vấn đề mặc cho đồng bào.","Nội dung chính Thư gửi ngành tơ sợi Trung ương, Bộ kinh tế","1_là: Bác cảm ơn Bộ khi đã tặng Bác bộ áo dứa. Đồng thời Bác bày tỏ sự mong muốn mọi người trong Bộ xung phong Thi đua ái quốc, làm cho ngành tơ sợi phát triển cho mau, cho tốt, cho nhiều để giải quyết vấn đề mặc cho đồng bào.","MISC:N:Nội_dung+Np:Thư+V:gửi+N:tơ+Nc:sợi+Np:Trung_ương+N:Bộ+N:kinh_tế","empty","28,2,30,27,29,36"
"51","ReuterPhongVan","Hãng thông tấn Anh Reuter phỏng vấn","Ngày 2-2-1949, phóng viên hãng thông tấn Anh Roitơ (Reuter) từ Pari đã gửi điện phỏng vấn Chủ tịch Hồ Chí Minh.","Hãng thông tấn Anh Reuter gửi điện phỏng vấn Chủ tịch Hồ Chí Minh","2_ngày 2-2-1949","MISC:N:hãng+V:thông_tấn+Np:Roitơ#PER:Np:Hồ_Chí_Minh","V:gửi+N:điện+V:phỏng_vấn#empty","42,30,36"
"56","ThuGuiHoDucThanh","Thư gửi ông Hồ Đức Thành","Thư gửi ông Hồ Đức Thành viết vào tháng 2-1949 bởi Hồ Chí Minh.","Thư gửi ông Hồ Đức Thành viết","2_tháng 2-1949#4_bởi Hồ Chí Minh","MISC:N:Thư+V:gửi+Np:Hồ_Đức+Np:Thành","V:viết","2,30,1"
"80","DacDiemThiDuaAiQuoc","Đặc điểm của Thi đua ái quốc","""Đặc điểm của Thi đua ái quốc là: Đưa tất cả tinh thần và lực lượng của quân và dân Việt Nam để thực hiện ba mục đích: 
- Diệt giặc đói, 
- Diệt giặc dốt, 
- Diệt giặc ngoại xâm.""","Đặc điểm của Thi đua ái quốc","1_""là: Đưa tất cả tinh thần và lực lượng của quân và dân Việt Nam để thực hiện ba mục đích:  - Diệt giặc đói,  - Diệt giặc dốt,  - Diệt giặc ngoại xâm.""","MISC:N:Đặc_điểm+Np:Thi_đua+N:ái_quốc","empty","44,29"
"89","NoiDungThuGuiHoiNghiKhangChien","Nội dung chính Thư gửi Hội nghị kháng chiến hành chính","Nội dung chính Thư gửi Hội nghị kháng chiến hành chính là: Bác Hồ bày tỏ sự vui lòng khi biết rằng các đại biểu đều cố gắng, đều tiến bộ. Cùng với đó, Bác nhắc nhở các đại biểu phải hiểu thật rõ chính sách của Chính phủ Trung ương, để giải thích cho cán bộ và nhân dân. Bác nhắc lại vài điểm chính trong nhiệm vụ khẩn cấp của Ủy ban kháng chiến hành chính. Đó là đẩy mạnh cuộc cầm cự, chuẩn bị phản công, tất cả để chiến thắng.","Nội dung chính Thư gửi Hội nghị kháng chiến hành chính","1_là: Bác Hồ bày tỏ sự vui lòng khi biết rằng các đại biểu đều cố gắng, đều tiến bộ. Cùng với đó, Bác nhắc nhở các đại biểu phải hiểu thật rõ chính sách của Chính phủ Trung ương, để giải thích cho cán bộ và nhân dân. Bác nhắc lại vài điểm chính trong nhiệm vụ khẩn cấp của Ủy ban kháng chiến hành chính. Đó là đẩy mạnh cuộc cầm cự, chuẩn bị phản công, tất cả để chiến thắng","MISC:N:Nội_dung+Np:Thư+V:gửi+N:Hội_nghị+N:kháng_chiến+N:hành_chính","empty","2,30,27,28,29"
"193","AnhBacHo","Anh của Bác Hồ","Anh của Hồ Chí Minh là Nguyễn Sinh Khiêm, con thứ hai của ông Nguyễn Sinh Sắc và bà Hoàng Thị Loan, sinh năm 1888.","Anh của chủ tịch Hồ Chí Minh","4_là Nguyễn Sinh Khiêm","MISC:N:Anh+Np:Hồ_Chí_Minh","empty","36,66,102,65,106"
"183","HoangThiLoanMat","Cụ Hoàng Thị Loan mất","Ngày 10 tháng 2 năm 1901. Nguyễn Sinh Cung chịu tang lớn trong tuổi thiếu niên: bà Hoàng Thị Loan, thân mẫu lâm bệnh qua đời tại Huế (theo âm lịch là ngày 22 tháng 12 năm Canh Tý).","Mẹ của Hồ Chí Minh, bà Hoàng Thị Loan mất","2_ngày 10, tháng 2, năm 1901 (tức ngày 22 tháng 12 năm Canh Tý âm lịch).#3_tại Huế.#5_vì lâm bệnh.","PER:Np:Hoàng_Thị_Loan","V:qua_đời","101,100,63,97,47"
"203","GanCuoiNam1900HoChiMinhOVoiMeTrongHue","Gần cuối năm 1900 Hồ Chí Minh ở với mẹ trong Huế","Gần cuối năm 1900, Hồ Chí Minh sống với mẹ ở Huế trong thời gian ông Nguyễn Sinh Sắc đi làm giám thị kỳ thi Hương tại Thanh Hoá, đưa Nguyễn Sinh Khiêm đi cùng.","Chủ tịch Hồ Chí Minh ở","2_vào gần cuối năm 1900, trong thời gian ông Nguyễn Sinh Sắc đi làm giám thị kỳ thi Hương tại Thanh Hoá, đưa Nguyễn Sinh Khiêm đi cùng.#3_Huế#4_với mẹ ","MISC:A:Gần+N:cuối+N:năm+M:1900+Np:Hồ_Chí_Minh","V:sống","36,102,68,101,100"
"62","NoiDungThuGuiChienSiDuongSo5","Nội dung Thư gửi các chiến sĩ đường số 5","Thư gửi các chiến sĩ đường số 5 có nội dung chính là: Bác khen nam nữ dân quân du kích đường số 5 năm ngoái đánh giặc khá, đồng thời động viên mọi người sang năm cố gắng hơn nữa để làm mẫu cho dân quân du kích khác.","Nội dung chính Thư gửi các chiến sĩ đường số 5","1_là: Bác khen nam nữ dân quân du kích đường số 5 năm ngoái đánh giặc khá, đồng thời động viên mọi người sang năm cố gắng hơn nữa để làm mẫu cho dân quân du kích khác","MISC:N:nội_dung+N:Thư+V:gửi+N:chiến_sĩ+N:đường+M:5","empty","2,30,28,27,29"
"196","NguyenSinhSacDauCuNhan","Nguyễn Sinh Sắc đậu cử nhân khoa thi Giáp Ngọ","Khoảng tháng 6, năm 1894, Nguyễn Sinh Cung đón nhận tin vui: Nguyễn Sinh Sắc đậu cử nhân, khoa thi Giáp Ngọ năm Thành Thái thứ 6 tại trường thi Nghệ An.","Cụ Nguyễn Sinh Sắc thi đậu","1_cử nhân#2_vào khoảng tháng 6 năm 1894#3_tại trường thi Nghệ An","MISC:Np:Nguyễn_Sinh_Sắc","V:đậu+N:cử_nhân","41,95,100,101"
"81","NhiemVuGiaiDoanMoi","Bài viết Nhiệm vụ chính trong giai đoạn mới","Bài viết Nhiệm vụ chính trong giai đoạn mới được Hồ Chí Minh viết vào ngày 30 tháng 4 năm 1949.","Bài viết Nhiệm vụ chính trong giai đoạn mới viết","2_vào ngày 30 tháng 4 năm 1949#4_bởi Hồ Chí Minh","MISC:N:Nhiệm_vụ+E:trong+N:giai_đoạn+R:mới","V:viết","26,1,18"
"84","ThuGuiQuanNhanHocBaoDangBao","Thư gửi Quân nhân học báo đăng báo","Thư gửi Quân nhân học báo được đăng trên Báo Quân nhân học báo, số 1, tháng 6-1949.","Thư gửi Quân nhân học báo đăng","1_trên Báo Quân nhân học báo#2_báo vào tháng 6-1949","MISC:N:Thư+V:gửi+N:Quân_nhân+V:học+N:báo","V:đăng","2,30,45"
"85","NoiDungThuGuiQuanNhanHocBao","Nội dung chính Thư gửi Quân nhân học báo","Thư gửi Quân nhân học báo có nội dung chính là: Bác nhắc nhở Quân nhân phải biết võ, phải biết văn, võ là như tay phải, văn là như tay trái của quân nhân. Biết võ, biết văn, mới là quân nhân hoàn toàn. Muốn biết thì phải thi đua học. Học không bao giờ cùng. Học mãi để tiến bộ mãi. Càng tiến bộ, càng thấy càng phải học thêm.","Nội dung chính của Thư gửi Quân nhân học báo","1_là: Bác nhắc nhở Quân nhân phải biết võ, phải biết văn, võ là như tay phải, văn là như tay trái của quân nhân. Biết võ, biết văn, mới là quân nhân hoàn toàn. Muốn biết thì phải thi đua học. Học không bao giờ cùng. Học mãi để tiến bộ mãi. Càng tiến bộ, càng thấy càng phải học thêm. ","MISC:N:nội_dung+N:Thư+V:gửi+N:Quân_nhân+V:học+N:báo","empty","27,28,29,2,30,36"
"86","ThuGuiHaNoi","Thư gửi đồng bào vùng Hà Nội","Thư gửi đồng bào vùng Hà Nội được Hồ Chí Minh viết vào tháng 4 năm 1949.","Thư gửi đồng bào vùng Hà Nội viết","2_vào tháng 4 năm 1949#4_bởi Hồ Chí Minh","MISC:N:Thư+V:gửi+N:đồng_bào+N:vùng+Np:Hà_Nội","V:viết","2,30,36,1"
"77","ThuocDangDaTatDangBao1949","Bài viết Thuốc đắng dã tật nói thật mất lòng đăng báo","Bài viết Thuốc đắng dã tật nói thật mất lòng được đăng trên Báo Sự thật, số 109,  ngày 15-4-1949.","Bài viết Thuốc đắng dã tật nói thật mất lòng đăng","1_trên Báo Sự thật, số 109#2_báo vào ngày 15-4-1949","MISC:N:Bài+V:viết+Np:Thuốc_đắng_dã_tật+V:nói+R:thật+V:mất_lòng","V:đăng","26,46"
"9","XovietNgheAnLoiCuon","Lực lượng của Xôviết Nghệ An","Xôviết Nghệ An đã lôi cuốn được cả công nhân, nông dân và học sinh tham gia.","Xôviết Nghệ An lôi cuốn","4_công nhân, nông dân và học sinh tham gia","PER:Np:Xôviết_Nghệ_An","V:lôi_cuốn","14,61"
"188","HoChiMinhLanDauTiepXucKhauHieuTuDoBinhDangBacAi","Hồ Chí Minh lần đầu tiếp xúc khẩu hiệu tự do - bình đẳng - bác ái","Khoảng tháng 9 năm 1905, chính tại trường tiểu học Pháp - bản xứ ở thành phố Vinh, Nguyễn Tất Thành lần đầu tiên tiếp xúc với khẩu hiệu TỰ DO - BÌNH ĐẲNG - BÁC ÁI.","Nguyễn Tất Thành lần đầu tiên tiếp xúc với khẩu hiệu TỰ DO - BÌNH ĐẲNG - BÁC ÁI","2_vào khoảng tháng 9 năm 1905#3_tại trường tiểu học Pháp - bản xứ ở thành phố Vinh","MISC:Np:Nguyễn_Tất_Thành+N:lần+A:đầu_tiên","V:tiếp_xúc+N:khẩu_hiệu+Ny:TỰ_DO+Ny:BÌNH_ĐẲNG+Ny:BÁC_ÁI","36,75,101,100"
"10","DoiDuKichDauTien","Đội du kích đầu tiên","Đội du kích đầu tiên của nước ta thành lập ở Cao Bằng, với 12 người, trong đó có hai nữ đồng chí.","Đội du kích đầu tiên của nước ta thành lập","3_ở Cao Bằng#6_gồm 12 người, trong đó có 2 nữ đồng chí","MISC:N:Đội+N:du_kích+A:đầu_tiên+N:nước+P:ta","V:thành_lập","8,9,11,20"
"198","HoChiMinhHoiNhoSong","Hồ Chí Minh hồi nhỏ sống","Hồi nhỏ Hồ Chí Minh sống với gia đình ở trong một căn nhà nhỏ ba gian lợp tranh, trên đất vườn của ông bà ngoại tại làng Hoàng Trù.","Hồi nhỏ chủ tịch Hồ Chí Minh sống","3_trong một căn nhà nhỏ ba gian lợp tranh, trên đất vườn của ông bà ngoại tại làng Hoàng Trù.#4_với gia đình","MISC:N:Hồi+A:nhỏ+Np:Hồ_Chí_Minh","V:sống","38,36,68,102,101"
"170","HoChiMinhLaNguoiConThuBa","Chủ tịch Hồ Chí Minh là người con thứ ba","Hồ Chí Minh là con thứ ba trong gia đình.","Chủ tịch Hồ Chí Minh là","1_người con thứ ba trong gia đình","PER:Np:Hồ_Chí_Minh","empty","36,95,97"
"104","OngNoiCuaBacHo","Ông Nội của Bác Hồ","Nguyễn Sinh Nhậm (1827–1870) là ông nội của Hồ Chí Minh","Ông nội của Hồ Chí Minh","2_sinh năm 1827 mất năm 1870#4_tên là Nguyễn Sinh Nhậm","MISC:N:ông+N:nội+Np:Hồ_Chí_Minh","empty","36,37,47,100,102"
"163","ThuGuiQuynhCoi","Thư gửi đồng bào huyện Quỳnh Côi","Thư gửi đồng bào huyện Quỳnh Côi được Hồ Chí Minh viết vào ngày 8 tháng 8 năm 1949.","Thư gửi đồng bào huyện Quỳnh Côi viết","2_vào ngày 8 tháng 8 năm 1949#4_bởi Hồ Chí Minh","MISC:N:Thư+V:gửi+N:đồng_bào+Np:Quỳnh_Côi","V:viết","36,2,30"
"63","TraloiPhongVanWalterBriggs","Trả lời phỏng vấn của ông Walter Briggs","Hồ Chí Minh trả lời điện phỏng vấn của ông Walter Briggs vào đầu tháng 3-1949","Hồ Chí Minh trả lời điện phỏng vấn của ông Walter Briggs","2_vào tháng 3-1949","PER:Np:Hồ_Chí_Minh#MISC:N:điện+V:phỏng_vấn+Np:Walter_Briggs","V:trả_lời#empty","36,51"
"48","ThuChucTetNhiDong","Thư chúc Tết các cháu nhi đồng toàn quốc","Thư chúc Tết các cháu nhi đồng toàn quốc do Bác Hồ viết ngày 2-2-1949","Thư chúc Tết các cháu nhi đồng toàn quốc viết","2_ngày 2-2-1949#4_bởi Hồ Chí Minh","MISC:Np:Thư+V:chúc+N:Tết+N:nhi_đồng","V:viết","2,36"
"71","TraLoiDienPhongVanDanQuocNhatBao","Trả lời điện phỏng vấn Dân quốc Nhật báo","Hồ Chí Minh trả lời điện phỏng vấn của Dân quốc Nhật báo vào tháng 3-1949","Hồ Chí Minh trả lời điện phỏng vấn của Dân quốc Nhật báo","2_vào tháng 3-1949","PER:Np:Hồ_Chí_Minh#MISC:N:điện+V:phỏng_vấn+Np:Dân_quốc+V:Nhật_báo","V:trả_lời#empty","36,51,82"
"12","CaiToDoiDukichDauTien","Nhiệm vụ cải tổ đội du kích đầu tiên","Đảng giao cho đồng chí Võ Nguyên Giáp nhiệm vụ cải tổ đội du kích đầu tiên của Việt Nam thành đội Nam tiến.","Nhiệm vụ cải tổ đội du kích đầu tiên của nước ta","1_thành đội Nam tiến#4_giao cho đồng chí Võ Nguyên Giáp","MISC:N:nhiệm_vụ+V:cải_tổ+N:đội+N:du_kích+A:đầu_tiên+Np:Việt_Nam","V:giao","5,9,17,11"
"11","VuKhiCuaDoiDuKichDauTien","Quân trang đội du kích đầu tiên","Vũ khí của đội du kích đầu tiên gồm một khẩu “pạc-hoọc”, hai khẩu súng kíp và giáo mác","Vũ khí của đội du kích đầu tiên gồm","1_một khẩu “pạc-hoọc”, hai khẩu súng kíp và giáo mác","MISC:N:Vũ_khí+N:đội+N:du_kích+A:đầu_tiên","V:gồm","15,16,5,9"
"82","NoiDungNhiemVuGiaiDoanMoi","Nội dung chính bài viết Nhiệm vụ chính trong giai đoạn mới","Nội dung chính của bài viết Nhiệm vụ chính trong giai đoạn mới là: Nhân dịp kỷ niệm Lao động quốc tế 1-5, Bác nhắc nhở nhiệm vụ chính của nhân dân ta trong giai đoạn mới cho mọi tầng lớp: binh, sĩ, nông, công, thương và toàn dân.","Nội dung chính của bài viết Nhiệm vụ chính trong giai đoạn mới","1_là: Nhân dịp kỷ niệm Lao động quốc tế 1-5, Bác nhắc nhở nhiệm vụ chính của nhân dân ta trong giai đoạn mới cho mọi tầng lớp: binh, sĩ, nông, công, thương và toàn dân.","MISC:N:Nội_dung+N:Nhiệm_vụ+N:giai_đoạn+R:mới","empty","26,28,27,29"
"31","TinDonMaoHo","Tin đồn hiệp ước Mao Hồ","""Thực dân Pháp chẳng những phao tin đồn, mà lại đăng hẳn hoi lên báo một bản hiệp ước bí mật giữa Mao Trạch Đông và Hồ Chí Minh. Điều sau cùng của bản hiệp ước ấy là người Trung Quốc và người Việt Nam có thể lấy nhau làm vợ chồng được! Việc này tỏ rằng: 
- Bọn thực dân rất hoang mang, sợ bóng, sợ gió. 
- Chúng có bệnh nói láo “vô trung sinh hữu”. 
- Chúng khinh dân Pháp và người thế giới, tưởng nói dại, nói dột thì họ cũng nghe. 
- Chúng muốn dùng tài liệu giả dối ấy để cầu cứu với nước khác, vì chúng tự thấy thất bại đã đến nơi rồi. 
Tục ngữ ta có câu: Chó dại cắn quàng, là thế. ""","Thực hư tin đồn về Hiệp ước giữa Mao - Hồ","1_""thì: Thực dân Pháp chẳng những phao tin, mà lại đăng hẳn hoi lên báo một bản hiệp ước bí mật giữa Mao Trạch Đông và Hồ Chí Minh. Điều sau cùng của bản hiệp ước ấy là người Trung Quốc và người Việt Nam có thể lấy nhau làm vợ chồng được! Việc này tỏ rằng:  - Bọn thực dân rất hoang mang, sợ bóng, sợ gió.  - Chúng có bệnh nói láo “vô trung sinh hữu”.  - Chúng khinh dân Pháp và người thế giới, tưởng nói dại, nói dột thì họ cũng nghe.  - Chúng muốn dùng tài liệu giả dối ấy để cầu cứu với nước khác, vì chúng tự thấy thất bại đã đến nơi rồi.  Tục ngữ ta có câu: Chó dại cắn quàng, là thế. ""","MISC:N:tin_đồn+N:hiệp_ước+Np:Mao_Trạch_Đông+Np:Hồ_Chí_Minh","empty","36,32,31"
"8","XovietNgheAn","Xôviết Nghệ An","Xôviết Nghệ An (hay Xôviết Nghệ - Tĩnh) là một cuộc cách mạng oanh liệt đầu tiên do giai cấp vô sản Việt Nam lãnh đạo. Đỉnh cao của phong trào cách mạng bùng nổ vào khoảng năm 1930 - 1931. Xôviết Nghệ - Tĩnh là phong trào đấu tranh chống thực dân Pháp và tay sai của nhân dân ở hai tỉnh Nghệ An và Hà Tĩnh.","Xôviết Nghệ An","1_là một cuộc cách mạng của nhân dân ở hai tỉnh Nghệ An và Hà Tĩnh, đã đấu tranh chống thực dân Pháp và tay sai.#2_diễn ra trong năm 1930-1931#3_diễn ra ở Nghệ An và Hà Tĩnh#6_như là cuộc cách mạng oanh liệt đầu tiên do giai cấp vô sản Việt Nam lãnh đạo. Đỉnh cao của phong trào cách mạng 1930 - 1931","PER:Np:Xôviết_Nghệ_An","V:bùng_nổ","7,61"
"199","HoiNhoHoChiMinh","Hồi nhỏ Hồ Chí Minh là người như thế nào","Hồi nhỏ Hồ Chí Minh là một thiếu nhi thông minh, thích nghe chuyện và những điều mới lạ, điều gì đã biết thì nhớ rất lâu, đặc biệt là những chuyện cổ tích, những câu hát phường vải mà bà ngoại và mẹ thường kể.","Hồi nhỏ Chủ tịch Hồ Chí Minh","1_thích nghe chuyện và những điều mới lạ, điều gì đã biết thì nhớ rất lâu, đặc biệt là những chuyện cổ tích, những câu hát phường vải mà bà ngoại và mẹ thường kể.#6_là một thiếu nhi thông minh.","MISC:N:Hồi+A:nhỏ+Np:Hồ_Chí_Minh","empty","38,36"
"168","GanCuoiNam1895HoChiMinhCungGiaDinhVaoHue","Gần cuối năm 1895 Hồ Chí Minh cùng gia đình vào Huế","Khoảng gần cuối năm 1895, vì ông Nguyễn Sinh Sắc xin vào học trường Quốc Tử Giám để chuẩn bị thi Hội kỳ sau. Hồ Chí Minh cùng gia đình đi Huế, bằng cách đi bộ. Thời kỳ này từ Nghệ An vào Huế chưa có đường xe lửa và ôtô. Mọi người đều đi bộ, trẻ con thường được ngồi trong quang gánh, vất vả nhiều ngày dọc đường mới tới được kinh đô Huế","Hồ Chí Minh cùng gia đình đến Huế","2_vào khoảng gần cuối năm 1895#5_vì ông Nguyễn Sinh Sắc xin vào học trường Quốc Tử Giám để chuẩn bị thi Hội kỳ sau. Được tiếp nhận, ông về quê đưa vợ và hai con trai cùng vào Huế#6_bằng cách đi bộ. Thời kỳ này từ Nghệ An vào Huế chưa có đường xe lửa và ôtô. Mọi người đều đi bộ, trẻ con thường được ngồi trong quang gánh, vất vả nhiều ngày dọc đường mới tới được kinh đô Huế","MISC:Np:Hồ_Chí_Minh+A:cùng+N:gia_đình","V:đi+Np:Huế","36,103,85,104"
"87","NoiDungThuGuiHaNoi","Nội dung chính Thư gửi đồng bào vùng Hà Nội","Nội dung chính của Thư gửi đồng bào vùng Hà Nội là: Bác Hồ bày tỏ lòng thương xót và yêu mến trước sự đau đớn, cực khổ lâu hơn hết của đồng bào vùng Hà Nội. Đồng thời Bác động viên đồng bào vùng Hà Nội dù gian nan khó nhọc đến mấy cũng cố gắng, đoàn kết hơn nữa, quyết đánh tan giặc Pháp để giải phóng khỏi xiềng xích tàn bạo của lũ thực dân.","Nội dung chính của Thư gửi đồng bào vùng Hà Nội là","1_Bác Hồ bày tỏ lòng thương xót và yêu mến trước sự đau đớn, cực khổ lâu hơn hết của đồng bào vùng Hà Nội. Đồng thời Bác động viên đồng bào vùng Hà Nội dù gian nan khó nhọc đến mấy cũng cố gắng, đoàn kết hơn nữa, quyết đánh tan giặc Pháp để giải phóng khỏi xiềng xích tàn bạo của lũ thực dân","MISC:N:Nội_dung+Np:Thư+V:gửi+N:đồng_bào+Np:Hà_Nội","empty","28,27,29,36"
"47","NoiDungThuChucTetVungTamChien","Nội dung Thư chúc Tết đồng bào trong vùng tạm bị địch chiếm","Thư chúc Tết đồng bào trong vùng tạm bị địch chiếm có nội dung chính là: Bác gửi lời chúc năm mới tới các đồng bào trong vùng tạm bị địch chiếm, bày tỏ lòng ngậm ngùi với các đồng bào dưới gót sắt lũ quỷ thực dân tàn bạo. Đồng thời Bác trịnh trọng hứa với đồng bào rằng: Chính phủ và quân đội ta kiên quyết kháng chiến đến cùng, để tranh lại thống nhất và độc lập cho Tổ quốc, để mau mau giải phóng đồng bào ra khỏi cảnh lầm than.","Nội dung chính Thư chúc Tết đồng bào trong vùng tạm bị địch chiếm","1_là: Bác gửi lời chúc năm mới tới các đồng bào trong vùng tạm bị địch chiếm, bày tỏ lòng ngậm ngùi với các đồng bào dưới gót sắt lũ quỷ thực dân tàn bạo. Đồng thời Bác trịnh trọng hứa với đồng bào rằng: Chính phủ và quân đội ta kiên quyết kháng chiến đến cùng, để tranh lại thống nhất và độc lập cho Tổ quốc, để mau mau giải phóng đồng bào ra khỏi cảnh lầm than.","MISC:N:nội_dung+Np:Thư+V:chúc+N:Tết+N:đồng_bào+N:vùng+A:tạm+N:địch+V:chiếm","empty","2,27,29,28"
"181","ThoiDiemHoChiMinhbatDauHocChuHan","Thời điểm Hồ Chí Minh bắt đầu học chữ Hán","Gần cuối năm 1895, Hồ Chí Minh cùng anh theo cha về làng Dương Nỗ, xã Phú Dương, huyện Phú Vang, tỉnh Thừa Thiên, cách thành phố Huế khoảng 7km. Theo lời mời của ông Nguyễn Sĩ Độ, ông Nguyễn Sinh Sắc về đây dạy chữ Hán cho một số học sinh trong làng. Hồ Chí Minh bắt đầu học chữ Hán từ đây. Với trí nhớ tốt, các bài học Hồ Chí Minh chỉ đọc ba, bốn lần là thuộc","Chủ tịch Hồ Chí Minh bắt đầu học chữ Hán","2_vào gần cuối năm 1895, khi Người cùng anh theo cha về dạy chữ Hán cho một số học sinh trong làng Dương Nỗ#3_ở làng Dương Nỗ, xã Phú Dương, huyện Phú Vang, tỉnh Thừa Thiên, cách thành phố Huế khoảng 7km.#6_với trí nhớ tốt, các bài học Nguyễn Sinh Cung chỉ đọc ba, bốn lần là thuộc ","PER:Np:Hồ_Chí_Minh","V:bắt_đầu+V:học+N:chữ+Np:Hán","69,36,100,101"
"197","NguyenSinhSacSauDoCuNhan","Nguyễn Sinh Sắc sau khi đỗ cử nhân","Sau khi đậu cử nhân (1894), ông Nguyễn Sinh Sắc vào kinh đô Huế dự thi Hội, nhưng không đỗ. Ông xin vào học trường Quốc Tử Giám để chuẩn bị thi Hội kỳ sau. Được tiếp nhận, ông về quê đưa vợ và hai con trai cùng vào Huế; gửi con gái là Nguyễn Thị Thanh ở lại nhờ mẹ vợ nuôi.","Cụ Nguyễn Sinh Sắc đã","1_về quê đưa vợ và hai con trai cùng vào Huế; gửi con gái là Nguyễn Thị Thanh ở lại nhờ mẹ vợ nuôi.","MISC:E:Sau+V:đậu+N:cử_nhân+Np:Nguyễn_Sinh_Sắc","E:vào+Np:Huế","41,95,87"
"191","HoangDuong","Cụ Hoàng Đường","Cụ Hoàng Đường là ông ngoại của Hồ Chí Minh, chồng của cụ Nguyễn Thị Kép và là thân phụ của bà Hoàng Thị Loan, nhạc phụ của ông Nguyễn Sinh Sắc. Cụ là một người thuộc dòng dõi Nho học.","Cụ Hoàng Đường","4_là ông ngoại của Hồ Chí Minh, chồng của cụ Nguyễn Thị Kép, thân phụ của bà Hoàng Thị Loan và là nhạc phụ của ông Nguyễn Sinh Sắc. Cụ là một người thuộc dòng dõi Nho học.","PER:Np:Hoàng_Đường","empty","71,102,78,36"
"190","HoangThiLoan","Bà Hoàng Thị Loan","Hoàng Thị Loan là một phụ nữ cần mẫn, đảm đang, đôn hậu, sống bằng nghề làm ruộng và dệt vải, hết lòng thương yêu và chăm lo cho chồng con ăn học.","Bà Hoàng Thị Loan","1_làm nghề làm ruộng và dệt vải.#4_là mẹ của chủ tịch Hồ Chí Minh.#6_là một phụ nữ cần mẫn, đảm đang, đôn hậu, hết lòng thương yêu và chăm lo cho chồng con ăn học. ","PER:Np:Hoàng_Thị_Loan","empty","63,97,102,62,108"
"204","NguyenSinhKhiemBieuTinh","Nguyễn Sinh Khiêm tham gia biểu tình","Ông Nguyễn Sinh Khiêm đã từng tham gia biểu tình chống thuế ở Thừa Thiên, sau về quê tham gia phong trào Duy Tân.","Ông Nguyễn Sinh Khiêm tham gia biểu tình","1_chống thuế, sau về quê tham gia phong trào Duy Tân#3_ở Thừa Thiên và ở Nghệ An - quê của ông","PER:Np:Nguyễn_Sinh_Khiêm","V:tham_gia+V:biểu_tình","65,106,101"
"192","NguyenThiKep","Cụ Nguyễn Thị Kép","Cụ Nguyễn Thị Kép là bà ngoại của Hồ Chí Minh, vợ của cụ Hoàng Đường và là thân mẫu của bà Hoàng Thị Loan, nhạc mẫu của ông Nguyễn Sinh Sắc.  Cụ là con một gia đình có truyền thống Nho học, làm ruộng để nuôi gia đình.","Cụ Nguyễn Thị Kép","4_là bà ngoại của Hồ Chí Minh, vợ của cụ Hoàng Đường và là thân mẫu của bà Hoàng Thị Loan, nhạc mẫu của ông Nguyễn Sinh Sắc#6_là con một gia đình có truyền thống Nho học, làm ruộng để nuôi gia đình.","PER:Np:Nguyễn_Thị_Kép","empty","79,99,71,102"
"195","NguyenSiDoMoiNguyenSinhSacVeHue","Nguyễn Sinh Sắc về Huế theo lời mời ông Nguyễn Sĩ Độ","Gần cuối năm 1895, Nguyễn Sinh Cung cùng anh theo cha về làng Dương Nỗ, xã Phú Dương, huyện Phú Vang, tỉnh Thừa Thiên, cách thành phố Huế khoảng 7km. Theo lời mời của ông Nguyễn Sĩ Độ, ông Nguyễn Sinh Sắc về đây dạy chữ Hán cho một số học sinh trong làng. Ông Nguyễn Sinh Sắc và hai con ở trong nhà người em ông Nguyễn Sĩ Độ là Nguyễn Sĩ Khuyến.","Cụ Nguyễn Sinh Sắc về","1_dạy chữ Hán cho một số học sinh trong làng#2_vào cuối năm 1898#3_Huế cùng hai con ở trong nhà em ông Nguyễn Sĩ Độ là Nguyễn Sĩ Khuyến#5_theo lời mời ông Nguyễn Sĩ Độ","PER:Np:Nguyễn_Sĩ_Độ#PER:Np:Nguyễn_Sinh_Sắc","V:mời#empty","41,95,94,101,100,104"
"172","LangKimLienDonNguyenSinhSac","Làng Kim Liên đón Nguyễn Sinh Sắc về","Khoảng tháng 9 năm 1901, Nguyễn Sinh Cung cùng gia đình chuyển về sống ở quê nội là làng Kim Liên (làng Sen). Theo tục lệ hồi ấy, ông Nguyễn Sinh Sắc được làng Kim Liên đón về và được làng cấp đất công, xuất quỹ công làm một ngôi nhà để mừng ông","Cụ Nguyễn Sinh Sắc","2_về làng vào khoảng tháng 9 năm 1901#6_được làng Kim Liên đón về và được làng cấp đất công , xuất quỹ công làm một ngôi nhà để mừng ông","MISC:N:làng+Np:Kim_Liên","V:đón+Np:Nguyễn_Sinh_Sắc","100,41,95"
"166","NguyenSinhSacDoKyThiHoi","Ông Nguyễn Sinh Sắc đỗ kỳ thi Hội","Tháng 5, năm 1901 Nguyễn Sinh Cung đón nhận tin vui: Nguyễn Sinh Sắc đậu Phó bảng khoa thi Hội Tân Sửu, năm Thành Thái thứ 13.","Thân phụ của Hồ Chí Minh, ông Nguyễn Sinh Sắc đậu khoa thi Hội Tân Sửu","1_học vị Phó bảng#2_vào tháng 5 năm 1901, năm thành thái 13","MISC:Np:Nguyễn_Sinh_Sắc#MISC:N:khoa+V:thi+Np:Hội+Np:Tân_Sửu","V:đậu+N:Phó+N:bảng#empty","41,95,87,100"
"175","GiaDinhBacChuyenVeQueNoiThang9Nam1901","Gia đình Bác chuyển về quê nội sống tháng 9 năm 1901","Gia đình Nguyễn Sinh Cung về quê nội sống vào khoảng tháng 9 năm 1901.","Gia đình Bác Hồ chuyển về sống","2_vào khoảng tháng 9 năm 1901#3_ở quê nội là làng Kim Liên (làng Sen)","MISC:N:tháng+M:9+N:năm+M:1901+N:Gia_đình+Np:Nguyễn_Sinh_Cung","V:về","92,101,100,93,36"
"55","NoiDungThuGuiTruongYTaLienKhuI","Nội dung Thư gửi nam nữ học viên Trường Y tá Liên khu 1","Thư gửi nam nữ học viên Trường Y tá Liên khu 1 có nội dung chính là: Bác khẳng định vai trò quan trọng cuả người Y tá, nêu ra những đức tính của người Y tá cần phải có. Đồng thời, bày tỏ mong muốn các chiến sĩ y tá phải xung phong học hành và ngày càng tiến bộ.","Nội dung chính Thư gửi nam nữ học viên Trường Y tá Liên khu 1","1_là: Bác khẳng định vai trò quan trọng cuả người Y tá, nêu ra những đức tính của người Y tá cần phải có. Đồng thời, bày tỏ mong muốn các chiến sĩ y tá phải xung phong học hành và ngày càng tiến bộ","MISC:N:nội_dung+N:Thư+V:gửi+N:học_viên+N:Trường+N:Y_tá+Np:Liên_khu+M:1","empty","2,30,27,28,29"
"171","ChiHoChiMinh","Chị của Hồ Chí Minh","Chị của Hồ Chí Minh là Nguyễn Thị Thanh, còn có tên là Nguyễn Thị Bạch Liên.","Chị của Hồ Chí Minh","4_là Nguyễn Thị Thanh, còn có tên khác là Nguyễn Thị Bạch Liên.","MISC:N:Chị+Np:Hồ_Chí_Minh","empty","36,64,112,67,71,102"
"88","ThuGuiHoiNghiKhangChien","Thư gửi Hội nghị kháng chiến hành chính","Thư gửi Hội nghị kháng chiến hành chính được Hồ Chí Minh viết vào Tháng 4 năm 1949.","Thư gửi Hội nghị kháng chiến hành chính viết","2_vào tháng 4 năm 1949#4_bởi Hồ Chí Minh","MISC:N:Thư+V:gửi+N:Hội_nghị+N:kháng_chiến+N:hành_chính","V:viết","2,30,36,1"
"24","NoiDungThuDienChuHuyenYenDung","Nội dung Thư gửi các điền chủ huyện Yên Dũng Bắc Giang","Thư gửi các điền chủ huyện Yên Dũng, Bắc Giang có nội dung chính là: Bác bày tỏ sự vui mừng khi biết đồng bào chủ điền huyện Yên Dũng, Bắc Giang đã hết sức giúp đỡ các tá điền. Đồng thời Bác bày tỏ mong muốn các điền chủ hăng hái Thi đua ái quốc.","Nội dung chính thư gửi các điền chủ huyện Yên Dũng, Bắc Giang","1_là: Bác bày tỏ sự vui mừng khi biết đồng bào chủ điền huyện Yên Dũng, Bắc Giang đã hết sức giúp đỡ các tá điền. Đồng thời Bác bày tỏ mong muốn các điền chủ hăng hái Thi đua ái quốc","MISC:N:nội_dung+N:Thư+V:gửi+N:điền_chủ+Np:Yên_Dũng+Np:Bắc_Giang","empty","28,2,30,56,27"
"36","BoCuaBacHo","Bố của Chủ tịch Hồ Chí Minh","Thân phụ của Hồ Chí Minh là Nguyễn Sinh Sắc.","Thân phụ của Hồ Chí Minh","4_là Nguyễn Sinh Sắc","MISC:N:Thân_phụ+Np:Hồ_Chí_Minh","empty","39,36,41,102"
"180","HoangDuongMat","Cụ Hoàng Đường mất","Hoàng Đường mất ngày 22, tháng 5, năm 1893 (tức ngày 7 tháng 4 năm Quý Tỵ âm lịch).","Cụ Hoàng Đường, ông ngoại của Hồ Chí Minh mất","2_ngày 22, tháng 5, năm 1893 (tức ngày 7 tháng 4 năm Quý Tỵ âm lịch).","PER:Np:Hoàng_Đường","V:mất","47,78,100"
"50","NoiDungThuChucTetNhiDong","Nội dung Thư chúc Tết các cháu nhi đồng toàn quốc","Thư chúc Tết các cháu nhi đồng toàn quốc có nội dung chính là: Bác bày tỏ lòng thương đối với các cháu thiếu nhi khi phải lớn lên trong chiến tranh. Bác cũng thể hiện sự tự hào về sự oanh liệt của các cháu thiếu nhi Việt Nam. Đồng thời Bác động viên tinh thần các cháu dù Tết có thiếu thốn nhưng vẫn vui vì kháng gần thắng lợi rồi.","Nội dung chính Thư chúc Tết các cháu nhi đồng toàn quốc","1_là: Bác bày tỏ lòng thương đối với các cháu thiếu nhi khi phải lớn lên trong chiến tranh. Bác cũng thể hiện sự tự hào về sự oanh liệt của các cháu thiếu nhi Việt Nam. Đồng thời Bác động viên tinh thần các cháu dù Tết có thiếu thốn nhưng vẫn vui vì kháng gần thắng lợi rồi.","MISC:N:nội_dung+Np:Thư+V:chúc+N:Tết+N:nhi_đồng+N:toàn_quốc","empty","27,2,29,28"
"28","NoiDungThoChucTetNam1949","Nội dung Thơ chúc tết năm 1949","Nội dung chính của Thơ chúc tết là: Bác động viên tinh thần các lực lượng, mọi người, mọi ngành ngày ngày thi đua để kháng chiến thêm mau thắng lợi.","Nội dung chính thơ chúc tết","1_là: Bác động viên tinh thần các lực lượng, mọi người, mọi ngành ngày ngày thi đua để kháng chiến thêm mau thắng lợi.","MISC:N:Nội_dung+Np:Thơ+V:chúc+N:tết","empty","27,28,29"
"178","OngNgoaiBac","Ông ngoại của Bác Hồ","Ông ngoại của Hồ Chí Minh là Hoàng Đường.","Ông ngoại của Hồ Chí Minh","4_là Hoàng Đường, thuộc dòng dõi Nho học, mở trường dạy chữ Hán ngay tại nhà cho một số trẻ em trong làng.","MISC:N:Ông+A:ngoại+Np:Hồ_Chí_Minh","empty","36,78,102"
"177","NoiOGiaDinhBacHoBanDau","Nơi ở lúc đầu của gia đình Bác Hồ","Nơi ở của gia đình Nguyễn Sinh Cung ban đầu sống ở trong một căn nhà nhỏ ba gian lợp tranh, trên đất vườn của ông bà ngoại tại làng Hoàng Trù.","Ban đầu, gia đình của Bác Hồ sống","3_ở trong một căn nhà nhỏ ba gian lợp tranh, trên đất vườn của ông bà ngoại tại làng Hoàng Trù.","MISC:N:Nơi+N:gia_đình+Np:Nguyễn_Sinh_Cung+N:ban_đầu","V:sống","36,68,93,101"
"184","BacHoCoTenNguyenTatThanh","Bác Hồ có tên Nguyễn Tất Thành","khoảng tháng 9 năm 1901, nhân chuyện về sống ở quê nội, ông Nguyễn Sinh Sắc làm lễ “vào làng” cho hai con trai. Nguyễn Sinh Cung có tên mới là Nguyễn Tất Thành.","Chủ tịch Hồ Chí Minh có tên mới","1_là Nguyễn Tất Thành#2_vào khoảng tháng 9 năm 1901, nhân chuyện về sống ở quê nội, ông Nguyễn Sinh Sắc làm lễ “vào làng” cho hai con trai.","MISC:N:năm+M:1901+Np:Nguyễn_Sinh_Cung+N:tên+R:mới","empty","36,100"
"182","SoAnhEmNhaBac","Số anh chị em trong gia đình Bác","anh chị em trong Gia đình Hồ Chí Minh có 3 người. Cuối năm 1900 bà Hoàng Thị Loan sinh người con thứ tư, vì ông Sắc đi vắng, bà lại thiếu sữa phải cho con đi bú nhờ nên bà con gọi đùa là Xin, nhưng Xin quá yếu, đã mất sau một thời gian rất ngắn.","Gia đình Bác","6_có 3 anh chị em. Cuối năm 1900 bà Hoàng Thị Loan sinh người con thứ tư, vì ông Sắc đi vắng, bà lại thiếu sữa phải cho con đi bú nhờ nên bà con gọi đùa là Xin, nhưng Xin quá yếu, đã mất sau một thời gian rất ngắn","MISC:N:anh_chị_em+Np:Hồ_Chí_Minh","V:có","114,36,93"
"205","MaiTangHoangThiLoan","Việc mai táng Hoàng Thị Loan","Bà Hoàng Thị Loan đã được những người láng giềng thân thiết lo việc mai táng, vì lúc này ông Nguyễn Sinh Sắc sau khi coi thi ở Thanh Hoá đã trở về Kim Liên và đang ở quê nhà.","Việc mai táng cụ Hoàng Thị Loan","4_đã được những người láng giềng thân thiết lo việc mai táng.#5_vì lúc này ông Nguyễn Sinh Sắc sau khi coi thi ở Thanh Hoá đã trở về Kim Liên và đang ở quê nhà.","PER:Np:Hoàng_Thị_Loan#MISC:N:láng_giềng","empty#V:lo+V:mai_táng","102,104,109,110,63,97"
"208","NguyenThiThanh","Nguyễn Thị Thanh","Chị của Người là Nguyễn Thị Thanh, còn có tên là Nguyễn Thị Bạch Liên, sinh năm 1884, quê ở làng Kim Liên (thường gọi là làng Sen) cùng thuộc xã Chung Cự, cách Hoàng Trù 2km (nay thuộc xã Kim Liên, huyện Nam Đàn, tỉnh Nghệ An).","Bà Nguyễn Thị Thanh","1_còn có tên là Nguyễn Thị Bạch Liên.#2_sinh năm 1884.#3_quê ở làng Kim Liên (thường gọi là làng Sen) cùng thuộc xã Chung Cự, cách Hoàng Trù 2km (nay thuộc xã Kim Liên, huyện Nam Đàn, tỉnh Nghệ An).#4_là chị gái của Hồ Chí Minh.","PER:Np:Nguyễn_Thị_Thanh","empty","102,100,101,37,112,64"
"206","NguyenSinhKhiemBiBat1914","Nguyễn Sinh Khiêm bị bắt","Ông Nguyễn Sinh Khiêm đã từng tham gia biểu tình chống thuế ở Thừa Thiên, sau về quê tham gia phong trào Duy Tân. Năm 1914, Nguyễn Sinh Khiêm bị thực dân Pháp bắt, đày đi Nha Trang, rồi đưa về quản thúc ở thôn Phú Lễ, huyện Quảng Điền, tỉnh Thừa Thiên.","Ông Nguyễn Sinh Khiêm bị bắt","1_và đày đi Nha Trang, rồi đưa về quản thúc ở thôn Phú Lễ, huyện Quảng Điền, tỉnh Thừa Thiên#2_vào năm 1914#4_bởi thực dân Pháp#5_vì tham gia biểu tình chống thuế ở Thừa Thiên","PER:Np:Nguyễn_Sinh_Khiêm","V:bị+V:bắt","106,65,100,104,102"
"211","BaNgoaiHoChiMinh","Bà ngoại của Hồ Chí Minh","Nguyễn Sinh Cung sống ở làng Hoàng Trù trong tình thương yêu và chăm sóc của bố mẹ và ông bà ngoại. Ông ngoại là Hoàng Đường, thuộc dòng dõi Nho học, mở trường dạy chữ Hán ngay tại nhà cho một số trẻ em trong làng. Bà ngoại là  Nguyễn Thị Kép, cũng là con một gia đình có truyền thống Nho học, làm ruộng để nuôi gia đình.","Bà ngoại của Hồ Chí Minh","4_là Nguyễn Thị Kép","MISC:N:Bà+A:ngoại+Np:Nguyễn_Sinh_Cung","empty","90,36,102,71"
"207","HoangThiLoanSinhConThuTu","Hoàng Thị Loan sinh con thứ tư","Cuối năm 1900, bà Hoàng Thị Loan sinh người con thứ tư, vì ông Sắc đi vắng, bà lại thiếu sữa phải cho con đi bú nhờ nên bà con gọi đùa là Xin, nhưng Xin quá yếu, đã mất sau một thời gian rất ngắn.","Hoàng Thị Loan sinh","1_người con thứ tư, vì ông Sắc đi vắng, bà lại thiếu sữa phải cho con đi bú nhờ nên bà con gọi đùa là Xin, nhưng Xin quá yếu, đã mất sau một thời gian rất ngắn.#2_vào cuối năm 1900 (không rõ ngày tháng).","PER:Np:Hoàng_Thị_Loan","V:sinh","37,100,111,63,97"
"210","NguyenThiThanhBiBat1918","Nguyễn Thị Thanh bị bắt năm 1918","Bà Nguyễn Thị Thanh đã từng nuôi giấu các thủ lĩnh nghĩa quân chống Pháp, bí mật vận động tiếp tế lương thực cho nghĩa quân và tham gia Duy Tân hội. Năm 1918 bị thực dân Pháp bắt, đày đi Quảng Ngãi, sau đó đưa về quản thúc ở Huế.","Bà Nguyễn Thị Thanh bị bắt","1_bởi thực dân Pháp bắt, đày đi Quảng Ngãi, sau đó đưa về quản thúc ở Huế.#2_vào năm 1918 (không rõ ngày, tháng).#5_vì nuôi giấu các thủ lĩnh nghĩa quân chống Pháp, bí mật vận động tiếp tế lương thực cho nghĩa quân và tham gia Duy Tân hội.","PER:Np:Nguyễn_Thị_Thanh","V:bị+V:bắt","64,112,108,100,104"
"209","NguyenThiKepNuoiNguyenThiThanh","Nguyễn Thị Kép nuôi Nguyễn Thị Thanh sau khi ông Sắc chuẩn bị thi Hội","Khoảng gần cuối năm 1895, sau khi Nguyễn Sinh Sắc xin vào học trường Quốc Tử Giám để chuẩn bị thi Hội kỳ sau, Nguyễn Thị Kép đã nuôi Nguyễn Thị Thanh.","Sau khi Nguyễn Sinh Sắc xin vào học trường Quốc Tử Giám để chuẩn bị thi Hội kỳ sau, Nguyễn Thị Thanh được nuôi","2_khoảng gần cuối năm 1895.#4_bởi Nguyễn Thị Kép.","PER:Np:Nguyễn_Thị_Kép","V:nuôi","102,64,112,79,99,100"
"194","MeHoChiMinh","Mẹ của Hồ Chí Minh","Bà Hoàng Thị Loan là thân mẫu của chủ tịch Hồ Chí Minh, vợ của ông Nguyễn Sinh Sắc, con gái của ông Hoàng Đường và bà Nguyễn Thị Kép. Ngoài ra ông Sắc và bà Loan còn có hai người con nữa là Nguyễn Sinh Khiêm và Nguyễn Thị Thanh.","Mẹ của chủ tịch Hồ Chí Minh","4_là bà Hoàng Thị Loan.","MISC:N:thân_mẫu+Np:Hồ_Chí_Minh","empty","62,102,71,36,63,97"
"213","NguyenSinhKhiemRaDoi","Nguyễn Sinh Khiêm ra đời","Anh của Hồ Chí Minh là Nguyễn Sinh Khiêm, còn có tên là Nguyễn Tất Đạt, ra đời năm 1888, quê ở làng Kim Liên (thường gọi là làng sen) cùng thuộc xã Chung Cự, cách Hoàng Trù 2km (nay thuộc tỉnh Nghệ An)","Ông Nguyễn Sinh Khiêm ra đời","2_vào năm 1888#3_ở làng Kim Liên (thường gọi là làng sen) cùng thuộc xã Chung Cự , cách Hoàng Trù 2km (nay thuộc tỉnh Nghệ An)","PER:Np:Nguyễn_Sinh_Khiêm","V:ra_đời","101,65,106,100,37"
"35","HoChiMinhRaDoi","Chủ tịch Hồ Chí Minh ra đời","Chủ tịch Hồ Chí Minh ra đời vào ngày 19/05/1890, tại quê mẹ là làng Hoàng Trù (thường gọi là làng Trùa), xã Chung Cự, tổng Lâm Thịnh, huyện Nam Đàn, tỉnh Nghệ An (nay thuộc xã Kim Liên, huyện Nam Đàn, tỉnh Nghệ An). Chủ tịch ra đời trong hoàn cảnh thực dân Pháp đã đặt ách cai trị lên toàn cõi Việt Nam.","Chủ tịch Hồ Chí Minh ra đời","2_vào ngày 19/05/1890.#3_tại quê mẹ là làng Hoàng Trù (thường gọi là làng Trùa), xã Chung Cự, tổng Lâm Thịnh, huyện Nam Đàn, tỉnh Nghệ An (nay thuộc xã Kim Liên, huyện Nam Đàn, tỉnh Nghệ An).#6_trong hoàn cảnh thực dân Pháp đã đặt ách cai trị lên toàn cõi Việt Nam.","PER:Np:Hồ_Chí_Minh","V:ra_đời","36,100,101,37"
"214","HoChiMinhVeQueNoiSauKhiMeMat","Hồ Chí Minh về quê nội sau khi mẹ mất","Sau khi bà Hoàng Thị Loan mất, Ông Nguyễn Sinh Sắc đưa Hồ Chí Minh về Nghệ An.","Sau khi mẹ mất, Hồ Chí Minh","3_về Nghệ An.#4_được ông Nguyễn Sinh Sắc đưa về","MISC:E:Sau+N:khi+Np:Hoàng_Thị_Loan+V:mất+Np:Hồ_Chí_Minh","E:về","97,101,95,102"
"34","HoChiMinh","Hồ Chí Minh","Hồ Chí Minh tên khai sinh là Nguyễn Sinh Cung là nhà cách mạng, người sáng lập Đảng Cộng sản Việt Nam, một trong những người đặt nền móng và lãnh đạo công cuộc đấu tranh giành độc lập, toàn vẹn lãnh thổ cho Việt Nam trong thế kỷ XX, một chiến sĩ cộng sản quốc tế.","Chủ tịch Hồ Chí Minh","1_tên khai sinh là Nguyễn Sinh Cung#4_là nhà cách mạng, người sáng lập Đảng Cộng sản Việt Nam, một trong những người đặt nền móng và lãnh đạo công cuộc đấu tranh giành độc lập, toàn vẹn lãnh thổ cho Việt Nam trong thế kỷ XX, một chiến sĩ cộng sản quốc tế.","PER:Np:Hồ_Chí_Minh","empty","36,102"
"201","HoChiMinhCungAnhTheoBoMeDiHue","Hồ Chí Minh cùng anh theo bố mẹ đi Huế","Hồ Chí Minh cùng anh theo cha mẹ đi Huế vào khoảng gần cuối năm 1895","Hồ Chí Minh đi","3_vào Huế#4_cùng anh theo cha mẹ","MISC:A:gần+N:cuối+N:năm+M:1895+Np:Hồ_Chí_Minh","V:đi","36,85,101"
"49","NguyenSinhSacSinh","Nguyễn Sinh Sắc sinh","Nguyễn Sinh Sắc sinh năm 1862, ở làng Kim Liên (thường gọi là làng Sen) cùng thuộc xã Chung Cự, cách Hoàng Trù 2km (nay thuộc xã Kim Liên, huyện Nam Đàn, tỉnh Nghệ An).","Thân phụ của Hồ Chí Minh sinh","2_năm 1862#3_ở làng Kim Liên (thường gọi là làng Sen) cùng thuộc xã Chung Cự, cách Hoàng Trù 2km (nay thuộc xã Kim Liên, huyện Nam Đàn, tỉnh Nghệ An).","MISC:Np:Nguyễn_Sinh_Sắc","V:sinh","37,100,41,95,101"
"186","NguyenThiKepMat","Nguyễn Thị Kép mất","Ngày 13 tháng 4 năm 1904, Nguyễn Thị Kép mất (theo âm lịch là ngày 28 tháng 2 năm Giáp Thìn).","Bà ngoại của Bác, cụ Nguyễn Thị Kép mất","2_ngày 13 tháng 4 năm 1904 (theo âm lịch là ngày 28 tháng 2 năm Giáp Thìn)","PER:Np:Nguyễn_Thị_Kép","V:mất","47,100,99,79"
"189","NguyenSinhSac","Ông Nguyễn Sinh Sắc","Nguyễn Sinh Sắc là thân phụ của Hồ Chí Minh. Ông sinh năm 1862 quê ở làng Kim Liên (thường gọi là làng sen) cùng thuộc xã Chung Cự, cách Hoàng Trù 2km. Ông Sắc vốn xuất thân từ gia đình nông dân, mồ côi cha mẹ sớm, từ nhỏ đã chịu khó làm lụng và ham học. Vì vậy ông được cụ Hoàng Đường ở làng Hoàng Trù xin họ Nguyễn Sinh đem về nuôi. Ông vừa lao động vừa tiếp tục học tập. Khi trưởng thành, ông thành hôn với người con gái đầu của cụ.","Ông Nguyễn Sinh Sắc","4_là bố của chủ tịch Hồ Chí Minh#6_vốn xuất thân từ gia đình nông dân, mồ côi cha mẹ sớm, từ nhỏ đã chịu khó làm lụng và ham học. Vì vậy ông được cụ Hoàng Đường ở làng Hoàng Trù xin họ Nguyễn Sinh đem về nuôi. Ông vừa lao động vừa tiếp tục học tập. Khi trưởng thành, ông thành hôn với người con gái đầu của cụ","MISC:Np:Nguyễn_Sinh_Sắc","empty","41,95,71,102"
"169","HoangThiLoanRaDoi","Bà Hoàng Thị Loan ra đời","Hoàng Thị Loan ra đời năm 1868, ở  làng Hoàng Trù (thường gọi là làng Trùa), xã Chung Cự 1), tổng Lâm Thịnh, huyện Nam Đàn, tỉnh Nghệ An (nay thuộc xã Kim Liên, huyện Nam Đàn, tỉnh Nghệ An).","Mẹ của chủ tịch Hồ Chí Minh, bà Hoàng Thị Loan ra đời","2_năm 1868 (không rõ ngày tháng).#3_ở làng Hoàng Trù (thường gọi là làng Trùa), xã Chung Cự, tổng Lâm Thịnh, huyện Nam Đàn, tỉnh Nghệ An (nay thuộc xã Kim Liên, huyện Nam Đàn, tỉnh Nghệ An).","PER:Np:Hoàng_Thị_Loan","V:ra_đời","63,97,100,101,37"
"212","NgheCuaNguyenThiKep","Nghề nghiệp của Nguyễn Thị Kép","Bà  ngoại  là  Nguyễn  Thị  Kép, cũng  là  con một gia đình có truyền thống Nho học, làm nghề làm ruộng để nuôi gia đình.","Cụ Nguyễn Thị Kép làm nghề","1_làm ruộng","PER:Np:Nguyễn_Thị_Kép","V:làm+N:nghề","99,79,116"
