{
    "intent_references": {
        "57": {
            "1": {
                "page": "37",
                "extra_info": ""
            }
        },
        "52": {
            "1": {
                "page": "33",
                "extra_info": ""
            }
        },
        "1": {
            "1": {
                "page": "1",
                "extra_info": ""
            }
        },
        "215": {
            "2": {
                "page": null,
                "extra_info": "Th\u00f4ng tin n\u00e0y l\u1ea5y trong m\u1ee5c t\u1eeb 19/5/1890 \u0111\u1ebfn n\u0103m 1903"
            }
        },
        "3": {
            "1": {
                "page": "2",
                "extra_info": ""
            }
        },
        "187": {
            "2": {
                "page": null,
                "extra_info": "Th\u00f4ng tin n\u00e0y \u0111\u01b0\u1ee3c tr\u00edch t\u1eeb giai \u0111o\u1ea1n 19/05/1890 \u0111\u1ebfn n\u0103m 1903"
            }
        },
        "216": {
            "5": {
                "page": null,
                "extra_info": "Th\u00f4ng tin n\u00e0y \u0111\u01b0\u1ee3c tr\u00edch t\u1eeb giai \u0111o\u1ea1n n\u0103m 1969 - t\u1eeb th\u00e1ng 5 \u0111\u1ebfn th\u00e1ng 8"
            }
        },
        "53": {
            "1": {
                "page": "33",
                "extra_info": ""
            }
        },
        "4": {
            "1": {
                "page": "2",
                "extra_info": ""
            }
        },
        "5": {
            "1": {
                "page": "2",
                "extra_info": ""
            }
        },
        "6": {
            "1": {
                "page": "2",
                "extra_info": ""
            }
        },
        "2": {
            "1": {
                "page": "2",
                "extra_info": ""
            }
        },
        "200": {
            "2": {
                "page": null,
                "extra_info": "Th\u00f4ng tin n\u00e0y \u0111\u01b0\u1ee3c l\u1ea5y trong m\u1ee5c t\u1eeb n\u0103m 1890 \u0111\u1ebfn 1903"
            }
        },
        "29": {
            "1": {
                "page": "24",
                "extra_info": ""
            }
        },
        "14": {
            "1": {
                "page": "9",
                "extra_info": ""
            }
        },
        "23": {
            "1": {
                "page": "20",
                "extra_info": ""
            }
        },
        "67": {
            "1": {
                "page": "6",
                "extra_info": ""
            }
        },
        "19": {
            "1": {
                "page": "18",
                "extra_info": ""
            }
        },
        "26": {
            "1": {
                "page": "21",
                "extra_info": ""
            }
        },
        "32": {
            "1": {
                "page": "28",
                "extra_info": ""
            }
        },
        "20": {
            "1": {
                "page": "19",
                "extra_info": ""
            }
        },
        "22": {
            "1": {
                "page": "19",
                "extra_info": ""
            }
        },
        "217": {
            "5": {
                "page": null,
                "extra_info": "Th\u00f4ng tin n\u00e0y \u0111\u01b0\u1ee3c tr\u00edch t\u1eeb giai \u0111o\u1ea1n t\u1eeb 19/05/1890 \u0111\u1ebfn 1903"
            }
        },
        "17": {
            "1": {
                "page": "17",
                "extra_info": ""
            }
        },
        "16": {
            "1": {
                "page": "7",
                "extra_info": ""
            }
        },
        "15": {
            "1": {
                "page": "14",
                "extra_info": ""
            }
        },
        "21": {
            "1": {
                "page": "18",
                "extra_info": ""
            }
        },
        "13": {
            "1": {
                "page": "6",
                "extra_info": ""
            }
        },
        "27": {
            "1": {
                "page": "23",
                "extra_info": ""
            }
        },
        "25": {
            "1": {
                "page": "22",
                "extra_info": ""
            }
        },
        "74": {
            "1": {
                "page": "51",
                "extra_info": ""
            }
        },
        "61": {
            "1": {
                "page": "42",
                "extra_info": ""
            }
        },
        "7": {
            "1": {
                "page": "2",
                "extra_info": ""
            }
        },
        "64": {
            "1": {
                "page": "45",
                "extra_info": ""
            }
        },
        "65": {
            "1": {
                "page": "47",
                "extra_info": ""
            }
        },
        "66": {
            "1": {
                "page": "1",
                "extra_info": ""
            }
        },
        "68": {
            "1": {
                "page": "1",
                "extra_info": ""
            }
        },
        "72": {
            "1": {
                "page": "28",
                "extra_info": ""
            }
        },
        "73": {
            "1": {
                "page": "30",
                "extra_info": ""
            }
        },
        "75": {
            "1": {
                "page": "51",
                "extra_info": ""
            }
        },
        "30": {
            "1": {
                "page": "25",
                "extra_info": ""
            }
        },
        "174": {
            "2": {
                "page": null,
                "extra_info": "T\u1eeb 19/5/1890 \u0111\u1ebfn n\u0103m 1903"
            }
        },
        "185": {
            "2": {
                "page": null,
                "extra_info": "Th\u00f4ng tin n\u00e0y \u0111\u01b0\u1ee3c tr\u00edch t\u1eeb giai \u0111o\u1ea1n 19/05/1890 \u0111\u1ebfn n\u0103m 1903"
            }
        },
        "18": {
            "1": {
                "page": "15",
                "extra_info": ""
            }
        },
        "60": {
            "1": {
                "page": "41",
                "extra_info": ""
            }
        },
        "202": {
            "2": {
                "page": null,
                "extra_info": "Th\u00f4ng tin n\u00e0y l\u1ea5y trong m\u1ee5c t\u1eeb 1890 \u0111\u1ebfn n\u0103m 1903"
            }
        },
        "54": {
            "1": {
                "page": "34",
                "extra_info": ""
            }
        },
        "69": {
            "1": {
                "page": "48",
                "extra_info": ""
            }
        },
        "58": {
            "1": {
                "page": "38",
                "extra_info": ""
            }
        },
        "59": {
            "1": {
                "page": "38",
                "extra_info": ""
            }
        },
        "51": {
            "1": {
                "page": "31",
                "extra_info": ""
            }
        },
        "56": {
            "1": {
                "page": "37",
                "extra_info": ""
            }
        },
        "80": {
            "1": {
                "page": "55",
                "extra_info": ""
            }
        },
        "89": {
            "1": {
                "page": "63",
                "extra_info": ""
            }
        },
        "193": {
            "2": {
                "page": null,
                "extra_info": "Th\u00f4ng tin n\u00e0y trong m\u1ee5c t\u1eeb n\u0103m 19/05/1890 \u0111\u1ebfn n\u0103m 1903"
            }
        },
        "183": {
            "2": {
                "page": null,
                "extra_info": "T\u1eeb 19/5/1890 \u0111\u1ebfn n\u0103m 1903"
            }
        },
        "203": {
            "2": {
                "page": null,
                "extra_info": "Th\u00f4ng tin n\u00e0y \u0111\u01b0\u1ee3c tr\u00edch t\u1eeb giai \u0111o\u1ea1n 19/05/1890 \u0111\u1ebfn 1903"
            }
        },
        "62": {
            "1": {
                "page": "42",
                "extra_info": ""
            }
        },
        "196": {
            "2": {
                "page": null,
                "extra_info": "Th\u00f4ng tin n\u00e0y tr\u00edch trong m\u1ee5c t\u1eeb 19/5/1890 \u0111\u1ebfn n\u0103m 1903"
            }
        },
        "81": {
            "1": {
                "page": "60",
                "extra_info": ""
            }
        },
        "84": {
            "1": {
                "page": "61",
                "extra_info": ""
            }
        },
        "85": {
            "1": {
                "page": "61",
                "extra_info": ""
            }
        },
        "86": {
            "1": {
                "page": "62",
                "extra_info": ""
            }
        },
        "77": {
            "1": {
                "page": "54",
                "extra_info": ""
            }
        },
        "9": {
            "1": {
                "page": "4",
                "extra_info": ""
            }
        },
        "188": {
            "2": {
                "page": null,
                "extra_info": "Th\u00f4ng tin \u0111\u01b0\u1ee3c tr\u00edch t\u1eeb th\u00e1ng 19/05/1890 \u0111\u1ebfn n\u0103m 1903"
            }
        },
        "10": {
            "1": {
                "page": "4",
                "extra_info": ""
            }
        },
        "198": {
            "2": {
                "page": null,
                "extra_info": "Th\u00f4ng tin n\u00e0y \u0111\u01b0\u1ee3c tr\u00edch trong giai \u0111o\u1ea1n 19/05/1890 \u0111\u1ebfn 1903"
            }
        },
        "170": {
            "2": {
                "page": null,
                "extra_info": "Th\u00f4ng tin \u0111\u01b0\u1ee3c tr\u00edch ra trong m\u1ed1c th\u1eddi gian t\u1eeb 19/05/1890 \u0111\u1ebfn 1903"
            }
        },
        "104": {
            "2": {
                "page": null,
                "extra_info": "Kh\u00f4ng \u0111\u01b0\u1ee3c \u0111\u1ec1 c\u1eadp trong s\u00e1ch, \u00f4ng S\u1eafc m\u1ed3 c\u00f4i cha m\u1eb9 s\u1edbm. V\u00ec v\u1eady \u00f4ng \u0111\u01b0\u1ee3c c\u1ee5 Ho\u00e0ng \u0110\u01b0\u1eddng \u1edf l\u00e0ng Ho\u00e0ng Tr\u00f9 xin h\u1ecd Nguy\u1ec5n Sinh \u0111em v\u1ec1 nu\u00f4i."
            }
        },
        "163": {
            "1": {
                "page": "173",
                "extra_info": ""
            }
        },
        "63": {
            "1": {
                "page": "44",
                "extra_info": ""
            }
        },
        "48": {
            "1": {
                "page": "30",
                "extra_info": ""
            }
        },
        "71": {
            "1": {
                "page": "50",
                "extra_info": ""
            }
        },
        "12": {
            "1": {
                "page": "5",
                "extra_info": ""
            }
        },
        "11": {
            "1": {
                "page": "5",
                "extra_info": ""
            }
        },
        "82": {
            "1": {
                "page": "58",
                "extra_info": ""
            }
        },
        "31": {
            "1": {
                "page": "25",
                "extra_info": ""
            }
        },
        "8": {
            "1": {
                "page": "4",
                "extra_info": ""
            }
        },
        "199": {
            "2": {
                "page": null,
                "extra_info": "Th\u00f4ng tin n\u00e0y \u0111\u01b0\u1ee3c tr\u00edch t\u1eeb n\u0103m 19/05/1890 \u0111\u1ebfn n\u0103m 1903"
            }
        },
        "168": {
            "2": {
                "page": null,
                "extra_info": "Th\u00f4ng tin n\u00e0y \u0111\u01b0\u1ee3c tr\u00edch trong giai \u0111o\u1ea1n 19/05/1890 \u0111\u1ebfn 1903"
            }
        },
        "87": {
            "1": {
                "page": "62",
                "extra_info": ""
            }
        },
        "47": {
            "1": {
                "page": "27",
                "extra_info": ""
            }
        },
        "181": {
            "2": {
                "page": null,
                "extra_info": "Th\u00f4ng tin n\u00e0y \u0111\u01b0\u1ee3c tr\u00edch t\u1eeb giai \u0111o\u1ea1n 19/05/1890 \u0111\u1ebfn 1903"
            }
        },
        "197": {
            "2": {
                "page": null,
                "extra_info": "Th\u00f4ng tin n\u00e0y l\u1ea5y t\u1eeb m\u1ee5c 19/5/1890 \u0111\u1ebfn n\u0103m 1903"
            }
        },
        "191": {
            "2": {
                "page": null,
                "extra_info": "Th\u00f4ng tin n\u00e0y l\u1ea5y trong m\u1ee5c t\u1eeb 19/5/1890 \u0111\u1ebfn n\u0103m 1903"
            }
        },
        "190": {
            "2": {
                "page": null,
                "extra_info": "Th\u00f4ng tin n\u00e0y l\u1ea5y trong m\u1ee5c t\u1eeb 19/5/1890 \u0111\u1ebfn n\u0103m 1903"
            }
        },
        "204": {
            "2": {
                "page": null,
                "extra_info": "Th\u00f4ng tin n\u00e0y l\u1ea5y t\u1eeb m\u1ee5c 1890 \u0111\u1ebfn 1903"
            }
        },
        "192": {
            "2": {
                "page": null,
                "extra_info": "Th\u00f4ng tin n\u00e0y l\u1ea5y trong m\u1ee5c t\u1eeb 19/5/1890 \u0111\u1ebfn n\u0103m 1903."
            }
        },
        "195": {
            "2": {
                "page": null,
                "extra_info": "Th\u00f4ng tin n\u00e0y l\u1ea5y trong m\u1ee5c t\u1eeb 19/5/1890 \u0111\u1ebfn n\u0103m 1903"
            }
        },
        "172": {
            "2": {
                "page": null,
                "extra_info": "T\u1eeb 19/5/1890 \u0111\u1ebfn n\u0103m 1903"
            }
        },
        "166": {
            "2": {
                "page": null,
                "extra_info": "T\u1eeb 19/5/1890 \u0111\u1ebfn n\u0103m 1903"
            }
        },
        "175": {
            "2": {
                "page": null,
                "extra_info": "Th\u00f4ng tin n\u00e0y \u1edf trong m\u1ee5c th\u1eddi gian t\u1eeb 19/5/1890 \u0111\u1ebfn n\u0103m 1903"
            }
        },
        "55": {
            "1": {
                "page": "34",
                "extra_info": ""
            }
        },
        "171": {
            "2": {
                "page": null,
                "extra_info": "T\u1eeb 19/5/1890 \u0111\u1ebfn n\u0103m 1903"
            }
        },
        "88": {
            "1": {
                "page": "64",
                "extra_info": ""
            }
        },
        "24": {
            "1": {
                "page": "20",
                "extra_info": ""
            }
        },
        "36": {
            "2": {
                "page": null,
                "extra_info": "Th\u00f4ng tin l\u1ea5y trong m\u1ee5c giai \u0111o\u1ea1n t\u1eeb n\u0103m 19/5/1890 \u0111\u1ebfn n\u0103m 1903"
            }
        },
        "180": {
            "2": {
                "page": null,
                "extra_info": "T\u1eeb 19/5/1890 \u0111\u1ebfn n\u0103m 1903"
            }
        },
        "50": {
            "1": {
                "page": "29",
                "extra_info": ""
            }
        },
        "28": {
            "1": {
                "page": "23",
                "extra_info": ""
            }
        },
        "178": {
            "2": {
                "page": null,
                "extra_info": "T\u1eeb 19/5/1890 \u0111\u1ebfn n\u0103m 1903"
            }
        },
        "177": {
            "2": {
                "page": null,
                "extra_info": "Th\u00f4ng tin l\u1ea5y trong m\u1ee5c giai \u0111o\u1ea1n t\u1eeb n\u0103m 19/5/1890 \u0111\u1ebfn n\u0103m 1903"
            }
        },
        "184": {
            "2": {
                "page": null,
                "extra_info": "T\u1eeb 19/5/1890 \u0111\u1ebfn n\u0103m 1903"
            }
        },
        "182": {
            "2": {
                "page": null,
                "extra_info": "T\u1eeb 19/5/1890 \u0111\u1ebfn n\u0103m 1903"
            }
        },
        "205": {
            "2": {
                "page": null,
                "extra_info": "T\u1eeb 19/5/1890 \u0111\u1ebfn n\u0103m 1903"
            }
        },
        "208": {
            "2": {
                "page": null,
                "extra_info": "T\u1eeb 19/5/1890 \u0111\u1ebfn n\u0103m 1903"
            }
        },
        "206": {
            "2": {
                "page": null,
                "extra_info": "Th\u00f4ng tin n\u00e0y \u0111\u01b0\u1ee3c tr\u00edch trong m\u1ee5c 1890 \u0111\u1ebfn n\u0103m 1903"
            }
        },
        "211": {
            "2": {
                "page": null,
                "extra_info": "Th\u00f4ng tin n\u00e0y tr\u00edch trong m\u1ee5c 1890 \u0111\u1ebfn 1903"
            }
        },
        "207": {
            "2": {
                "page": null,
                "extra_info": "T\u1eeb 19/5/1890 \u0111\u1ebfn n\u0103m 1903"
            }
        },
        "210": {
            "2": {
                "page": null,
                "extra_info": "T\u1eeb 19/5/1890 \u0111\u1ebfn n\u0103m 1903"
            }
        },
        "209": {
            "2": {
                "page": null,
                "extra_info": "T\u1eeb n\u0103m 19/5/1890 \u0111\u1ebfn n\u0103m 1903"
            }
        },
        "194": {
            "2": {
                "page": null,
                "extra_info": "T\u1eeb 19/5/1890 \u0111\u1ebfn n\u0103m 1903"
            }
        },
        "213": {
            "2": {
                "page": null,
                "extra_info": "Th\u00f4ng tin n\u00e0y tr\u00edch trong m\u1ee5c 1890 \u0111\u1ebfn n\u0103m 1903"
            }
        },
        "35": {
            "2": {
                "page": null,
                "extra_info": "Th\u00f4ng tin n\u00e0y \u0111\u01b0\u1ee3c tr\u00edch trong giai \u0111o\u1ea1n 19/05/1890 \u0111\u1ebfn n\u0103m 1903"
            }
        },
        "214": {
            "2": {
                "page": null,
                "extra_info": "Th\u00f4ng tin n\u00e0y \u0111\u01b0\u1ee3c tr\u00edch t\u1eeb giai \u0111o\u1ea1n 19/05/1890 \u0111\u1ebfn n\u0103m 1903"
            }
        },
        "34": {
            "2": {
                "page": null,
                "extra_info": "Th\u00f4ng tin \u0111\u01b0\u1ee3c tr\u00edch t\u1eeb trong giai \u0111o\u1ea1n t\u1eeb 19/05/1890 \u0111\u1ebfn n\u0103m 1903"
            }
        },
        "201": {
            "2": {
                "page": null,
                "extra_info": "Th\u00f4ng tin n\u00e0y \u0111\u01b0\u1ee3c tr\u00edch t\u1eeb giai \u0111o\u1ea1n 19/05/1980 \u0111\u1ebfn 1903"
            }
        },
        "49": {
            "2": {
                "page": null,
                "extra_info": "T\u1eeb 19/5/1890 \u0111\u1ebfn n\u0103m 1903"
            }
        },
        "186": {
            "2": {
                "page": null,
                "extra_info": "T\u1eeb n\u0103m 1904 \u0111\u1ebfn n\u0103m 1910"
            }
        },
        "189": {
            "2": {
                "page": null,
                "extra_info": "T\u1eeb 19/5/1890 \u0111\u1ebfn n\u0103m 1903"
            }
        },
        "169": {
            "2": {
                "page": null,
                "extra_info": "T\u1eeb 19/5/1890 \u0111\u1ebfn n\u0103m 1903"
            }
        },
        "212": {
            "2": {
                "page": null,
                "extra_info": "Th\u00f4ng tin n\u00e0y l\u1ea5y trong m\u1ee5c 1890 \u0111\u1ebfn 1903"
            }
        }
    },
    "documents": {
        "1": {
            "name": "H\u1ed2 CH\u00cd MINH TO\u00c0N T\u1eacP - T\u1eacP 6",
            "link": "https://tulieuvankien.dangcongsan.vn/c-mac-angghen-lenin-ho-chi-minh/book/ho-chi-minh/tac-pham/ho-chi-minh-toan-tap-tap-1-266",
            "author": "Nh\u00e0 xu\u1ea5t b\u1ea3n Ch\u00ednh tr\u1ecb Qu\u1ed1c gia - S\u1ef1 th\u1eadt"
        },
        "2": {
            "name": "H\u1ed2 CH\u00cd MINH - BI\u00caN NI\u00caN TI\u1ec2U S\u1eec - T\u1eacP 1 (19/5/1890 - 1929)",
            "link": "https://tulieuvankien.dangcongsan.vn/c-mac-angghen-lenin-ho-chi-minh/book/ho-chi-minh/tieu-su-cuoc-doi-va-su-nghiep/ho-chi-minh-bien-nien-tieu-su-tap-1-1951890-1929-21",
            "author": "H\u1eccC VI\u1ec6N CH\u00cdNH TR\u1eca QU\u1ed0C GIA H\u1ed2 CH\u00cd MINH - Vi\u1ec7n H\u1ed3 Ch\u00ed Minh"
        },
        "5": {
            "name": "H\u1ed2 CH\u00cd MINH - BI\u00caN NI\u00caN TI\u1ec2U S\u1eec - T\u1eacP 10",
            "link": "https://tulieuvankien.dangcongsan.vn/c-mac-angghen-lenin-ho-chi-minh/book/ho-chi-minh/tieu-su-cuoc-doi-va-su-nghiep/ho-chi-minh-bien-nien-tieu-su-tap-10-1967-1969-384",
            "author": "Nh\u00e0 xu\u1ea5t b\u1ea3n Ch\u00ednh tr\u1ecb Qu\u1ed1c gia - S\u1ef1 th\u1eadt"
        }
    }
}