{
    "2": {
        "meaning": "th\u01b0",
        "words": [
            "b\u1ee9c th\u01b0",
            "th\u01b0",
            "l\u00e1 th\u01b0"
        ],
        "ne_synonym": false
    },
    "30": {
        "meaning": "g\u1eedi",
        "words": [
            "g\u1eedi",
            "g\u1edfi"
        ],
        "ne_synonym": false
    },
    "29": {
        "meaning": "m\u1ee5c \u0111\u00edch",
        "words": [
            "m\u1ee5c_\u0111\u00edch",
            "ch\u1ee7_\u0111\u00edch",
            "m\u1ee5c_ti\u00eau"
        ],
        "ne_synonym": false
    },
    "27": {
        "meaning": "n\u00f3i v\u1ec1",
        "words": [
            "b\u00e0n v\u1ec1",
            "vi\u1ebft v\u1ec1",
            "n\u00f3i v\u1ec1",
            "n\u00f3i",
            "\u0111\u1ec1_c\u1eadp"
        ],
        "ne_synonym": false
    },
    "28": {
        "meaning": "n\u1ed9i dung",
        "words": [
            "\u00fd",
            "n\u1ed9i_dung",
            "\u0111\u1ea1i_\u00fd"
        ],
        "ne_synonym": false
    },
    "1": {
        "meaning": "vi\u1ebft",
        "words": [
            "vi\u1ebft",
            "ghi",
            "ghi_ch\u00e9p"
        ],
        "ne_synonym": false
    },
    "9": {
        "meaning": "nh\u00f3m",
        "words": [
            "\u0111o\u00e0n_th\u1ec3",
            "nh\u00f3m",
            "t\u1ed5 ch\u1ee9c",
            "\u0111\u1ed9i"
        ],
        "ne_synonym": false
    },
    "3": {
        "meaning": "ch\u00fac m\u1eebng",
        "words": [
            "ch\u00fac_m\u1eebng",
            "m\u1eebng",
            "ch\u00fac",
            "c\u1ea7u_ch\u00fac"
        ],
        "ne_synonym": false
    },
    "78": {
        "meaning": "\u00d4ng ngo\u1ea1i B\u00e1c",
        "words": [
            "ch\u1ed3ng Nguy\u1ec5n_Th\u1ecb_K\u00e9p",
            "b\u1ed1 v\u1ee3 Nguy\u1ec5n_Sinh_S\u1eafc",
            "\u00f4ng ngo\u1ea1i Nguy\u1ec5n_T\u1ea5t_\u0110\u1ea1t",
            "\u00f4ng ngo\u1ea1i H\u1ed3_Ch\u00ed_Minh",
            "Ho\u00e0ng_\u0110\u01b0\u1eddng",
            "\u00f4ng ngo\u1ea1i Nguy\u1ec5n_Th\u1ecb_Thanh"
        ],
        "ne_synonym": true
    },
    "116": {
        "meaning": "ngh\u1ec1",
        "words": [
            "ngh\u1ec1_nghi\u1ec7p",
            "ngh\u1ec1"
        ],
        "ne_synonym": false
    },
    "5": {
        "meaning": "\u0111\u1ea7u ti\u00ean",
        "words": [
            "\u0111\u1ea7u_ti\u00ean",
            "ban_\u0111\u1ea7u",
            "thu\u1edf \u0111\u1ea7u",
            "\u0111\u1ea7u"
        ],
        "ne_synonym": false
    },
    "6": {
        "meaning": "th\u00e0nh vi\u00ean",
        "words": [
            "th\u00e0nh_vi\u00ean",
            "ng\u01b0\u1eddi",
            "th\u00e0nh_ph\u1ea7n",
            "h\u1ed9i_vi\u00ean"
        ],
        "ne_synonym": false
    },
    "36": {
        "meaning": "H\u1ed3 Ch\u00ed Minh",
        "words": [
            "b\u00e1c",
            "b\u00e1c_h\u1ed3",
            "h\u1ed3_ch\u00ed_minh",
            "nguy\u1ec5n_\u00e1i_qu\u1ed1c",
            "nguy\u1ec5n_sinh_cung",
            "h\u1ed3",
            "h\u1ed3_ch\u1ee7_t\u1ecbch",
            "nguy\u1ec5n_t\u1ea5t_th\u00e0nh"
        ],
        "ne_synonym": false
    },
    "100": {
        "meaning": "Synonym th\u1eddi gian (When)",
        "words": [
            "bao_gi\u1edd",
            "th\u1eddi_\u0111i\u1ec3m n\u00e0o",
            "khi n\u00e0o",
            "th\u1eddi_gian n\u00e0o",
            "l\u00fac_n\u00e0o",
            "ng\u00e0y n\u00e0o",
            "n\u0103m n\u00e0o",
            "n\u0103m bao_nhi\u00eau",
            "ng\u00e0y bao_nhi\u00eau",
            "th\u00e1ng bao_nhi\u00eau",
            "th\u00e1ng n\u00e0o",
            "th\u00e1ng m\u1ea5y",
            "ng\u00e0y_th\u00e1ng n\u00e0o"
        ],
        "ne_synonym": false
    },
    "101": {
        "meaning": "Synonym \u0111\u1ecba \u0111i\u1ec3m (Where)",
        "words": [
            "\u1edf \u0111\u00e2u",
            "ch\u1ed7 n\u00e0o",
            "n\u01a1i n\u00e0o",
            "n\u01a1i \u0111\u00e2u",
            "t\u1ea1i \u0111\u00e2u",
            "t\u1eeb \u0111\u00e2u",
            "x\u00e3 n\u00e0o",
            "huy\u1ec7n n\u00e0o",
            "t\u1ec9nh n\u00e0o",
            "l\u00e0ng n\u00e0o",
            "khu_v\u1ef1c n\u00e0o",
            "\u0111\u00e2u"
        ],
        "ne_synonym": false
    },
    "47": {
        "meaning": "Qua \u0111\u1eddi",
        "words": [
            "m\u1ea5t",
            "ch\u1ebft",
            "t\u1eeb_tr\u1ea7n",
            "qua_\u0111\u1eddi"
        ],
        "ne_synonym": false
    },
    "104": {
        "meaning": "Synonym v\u00ec sao (Why)",
        "words": [
            "t\u1ea1i_sao",
            "v\u00ec sao",
            "l\u00fd_do",
            "t\u1ea1i l\u00e0m_sao",
            "nguy\u00ean_nh\u00e2n",
            "do \u0111\u00e2u",
            "v\u00ec \u0111\u00e2u"
        ],
        "ne_synonym": false
    },
    "7": {
        "meaning": "di\u1ec5n ra",
        "words": [
            "di\u1ec5n ra",
            "t\u1ed5_ch\u1ee9c",
            "ti\u1ebfn_h\u00e0nh",
            "di\u1ec5n_bi\u1ebfn",
            "b\u00f9ng_n\u1ed5"
        ],
        "ne_synonym": false
    },
    "8": {
        "meaning": "th\u00e0nh l\u1eadp",
        "words": [
            "th\u00e0nh_l\u1eadp",
            "t\u1ea1o_th\u00e0nh",
            "s\u00e1ng_l\u1eadp",
            "g\u00e2y_d\u1ef1ng"
        ],
        "ne_synonym": false
    },
    "13": {
        "meaning": "th\u1ed1ng nh\u1ea5t",
        "words": [
            "th\u1ed1ng_nh\u1ea5t",
            "k\u1ebft_h\u1ee3p"
        ],
        "ne_synonym": false
    },
    "11": {
        "meaning": "n\u01b0\u1edbc ta",
        "words": [
            "Vi\u1ec7t_Nam",
            "n\u01b0\u1edbc",
            "n\u01b0\u1edbc ta"
        ],
        "ne_synonym": false
    },
    "10": {
        "meaning": "th\u1eddi k\u00ec \u0111\u1ea7u",
        "words": [
            "ban_\u0111\u1ea7u",
            "l\u00fac \u0111\u1ea7u",
            "giai_\u0111o\u1ea1n \u0111\u1ea7u",
            "th\u1eddi_k\u00ec \u0111\u1ea7u",
            "thu\u1edf \u0111\u1ea7u"
        ],
        "ne_synonym": false
    },
    "4": {
        "meaning": "ph\u00e1t bi\u1ec3u",
        "words": [
            "n\u00f3i",
            "tr\u00ecnh_b\u00e0y",
            "th\u1ec3_hi\u1ec7n",
            "ph\u00e1t_bi\u1ec3u"
        ],
        "ne_synonym": false
    },
    "41": {
        "meaning": "Nguy\u1ec5n Sinh S\u1eafc",
        "words": [
            "Nguy\u1ec5n_Sinh_S\u1eafc",
            "Sinh_S\u1eafc",
            "S\u1eafc"
        ],
        "ne_synonym": false
    },
    "95": {
        "meaning": "b\u1ed1 B\u00e1c H\u1ed3",
        "words": [
            "b\u1ed1 b\u00e1c_h\u1ed3",
            "ch\u1ed3ng ho\u00e0ng_th\u1ecb_loan",
            "con trai ho\u00e0ng_\u0111\u01b0\u1eddng",
            "con trai nguy\u1ec5n_th\u1ecb_k\u00e9p",
            "nguy\u1ec5n_sinh_s\u1eafc"
        ],
        "ne_synonym": true
    },
    "53": {
        "meaning": "k\u1ebft qu\u1ea3",
        "words": [
            "k\u1ebft_qu\u1ea3",
            "k\u1ebft_cu\u1ed9c",
            "k\u1ebft_c\u1ee5c",
            "cu\u1ed1i_c\u00f9ng",
            "th\u00e0nh_qu\u1ea3"
        ],
        "ne_synonym": false
    },
    "74": {
        "meaning": "\u0110i\u1ec1u",
        "words": [
            "\u0111i\u1ec1u",
            "v\u1ea5n_\u0111\u1ec1"
        ],
        "ne_synonym": false
    },
    "23": {
        "meaning": "c\u00f4ng nh\u1eadn",
        "words": [
            "nh\u1eadn",
            "c\u00f4ng_nh\u1eadn",
            "th\u1eeba_nh\u1eadn"
        ],
        "ne_synonym": false
    },
    "24": {
        "meaning": "chi nh\u00e1nh",
        "words": [
            "chi_nh\u00e1nh",
            "nh\u00e1nh"
        ],
        "ne_synonym": false
    },
    "25": {
        "meaning": "ch\u00ednh th\u1ee9c",
        "words": [
            "ch\u00e1nh th\u1ee9c",
            "ch\u00ednh_th\u1ee9c",
            "ch\u00ednh th\u1ee9c"
        ],
        "ne_synonym": false
    },
    "54": {
        "meaning": "\u0110\u1ea3ng",
        "words": [
            "\u0110\u1ea3ng_C\u1ed9ng_S\u1ea3n_Vi\u1ec7t_Nam",
            "\u0110\u1ea3ng C\u1ed9ng_S\u1ea3n",
            "\u0110\u1ea3ng"
        ],
        "ne_synonym": false
    },
    "20": {
        "meaning": "ta",
        "words": [
            "ta",
            "m\u00ecnh",
            "ch\u00fang_ta",
            "ch\u00fang_m\u00ecnh"
        ],
        "ne_synonym": false
    },
    "56": {
        "meaning": "\u0111i\u1ec1n ch\u1ee7",
        "words": [
            "ch\u1ee7 \u0111\u1ea5t",
            "\u0111i\u1ec1n_ch\u1ee7",
            "\u0111\u1ecba_ch\u1ee7",
            "ch\u1ee7 ru\u1ed9ng"
        ],
        "ne_synonym": false
    },
    "45": {
        "meaning": "chi\u1ebfn s\u0129",
        "words": [
            "chi\u1ebfn_s\u0129",
            "chi\u1ebfn_binh",
            "ng\u01b0\u1eddi l\u00ednh",
            "l\u00ednh",
            "binh_s\u0129",
            "b\u1ed9_\u0111\u1ed9i",
            "qu\u00e2n_nh\u00e2n"
        ],
        "ne_synonym": false
    },
    "26": {
        "meaning": "b\u00e0i vi\u1ebft",
        "words": [
            "b\u1ea3n",
            "b\u00e0i vi\u1ebft",
            "v\u0103n_b\u1ea3n",
            "b\u00e0i"
        ],
        "ne_synonym": false
    },
    "57": {
        "meaning": "c\u00e1n b\u1ed9",
        "words": [
            "c\u00e1n_b\u1ed9",
            "c\u00f4ng_ch\u1ee9c",
            "vi\u00ean_ch\u1ee9c",
            "\u0111\u1ed3ng_ch\u00ed"
        ],
        "ne_synonym": false
    },
    "115": {
        "meaning": "tu\u1ed5i th\u1ecd",
        "words": [
            "tu\u1ed5i_th\u1ecd",
            "th\u1ecd"
        ],
        "ne_synonym": false
    },
    "59": {
        "meaning": "n\u00f3i chuy\u1ec7n",
        "words": [
            "n\u00f3i_chuy\u1ec7n",
            "tr\u00f2_chuy\u1ec7n",
            "\u0111\u00e0m_tho\u1ea1i",
            "h\u1ed9i_\u0111\u00e0m"
        ],
        "ne_synonym": false
    },
    "60": {
        "meaning": "b\u1ebf m\u1ea1c",
        "words": [
            "b\u1ebf_m\u1ea1c",
            "k\u1ebft_th\u00fac"
        ],
        "ne_synonym": false
    },
    "58": {
        "meaning": "b\u00e0i",
        "words": [
            "b\u00e0i",
            "bu\u1ed5i",
            "cu\u1ed9c"
        ],
        "ne_synonym": false
    },
    "18": {
        "meaning": "nhi\u1ec7m v\u1ee5",
        "words": [
            "nhi\u1ec7m_v\u1ee5",
            "c\u00f4ng_vi\u1ec7c",
            "vi\u1ec7c",
            "tr\u00e1ch_nhi\u1ec7m"
        ],
        "ne_synonym": false
    },
    "55": {
        "meaning": "\u00fd ki\u1ebfn",
        "words": [
            "\u00fd_ki\u1ebfn",
            "quan_\u0111i\u1ec3m"
        ],
        "ne_synonym": false
    },
    "51": {
        "meaning": "tr\u1ea3 l\u1eddi",
        "words": [
            "tr\u1ea3_l\u1eddi",
            "\u0111\u00e1p l\u1ea1i"
        ],
        "ne_synonym": false
    },
    "83": {
        "meaning": "Qu\u00e2n \u0111\u1ecbch",
        "words": [
            "\u0111\u1ecbch",
            "qu\u00e2n \u0111\u1ecbch",
            "k\u1ebb_th\u00f9"
        ],
        "ne_synonym": false
    },
    "84": {
        "meaning": "Tr\u1ebb em",
        "words": [
            "nhi_\u0111\u1ed3ng",
            "thi\u1ebfu_nhi",
            "tr\u1ebb_em",
            "tr\u1ebb_con"
        ],
        "ne_synonym": false
    },
    "46": {
        "meaning": "\u0111\u0103ng",
        "words": [
            "\u0111\u0103ng",
            "in",
            "\u0111\u0103ng_t\u1ea3i",
            "xu\u1ea5t_b\u1ea3n"
        ],
        "ne_synonym": false
    },
    "33": {
        "meaning": "th\u00e1i \u0111\u1ed9",
        "words": [
            "bi\u1ec3u_hi\u1ec7n",
            "h\u00e0nh_x\u1eed",
            "suy_ngh\u0129",
            "th\u00e1i_\u0111\u1ed9"
        ],
        "ne_synonym": false
    },
    "34": {
        "meaning": "B\u1ea3o \u0110\u1ea1i",
        "words": [
            "b\u1ea3o_\u0111\u1ea1i",
            "vua_b\u1ea3o_\u0111\u1ea1i",
            "V\u0129nh_Thu\u1ef5"
        ],
        "ne_synonym": false
    },
    "65": {
        "meaning": "Anh B\u00e1c H\u1ed3",
        "words": [
            "anh trai h\u1ed3_ch\u00ed_minh",
            "con trai th\u1ee9 hai Nguy\u1ec5n_Sinh_S\u1eafc",
            "con trai th\u1ee9 hai ho\u00e0ng_th\u1ecb_loan",
            "ch\u00e1u c\u1ee5 ho\u00e0ng_\u0111\u01b0\u1eddng",
            "ch\u00e1u c\u1ee5 nguy\u1ec5n_th\u1ecb_k\u00e9p",
            "Nguy\u1ec5n_Sinh_Khi\u00eam"
        ],
        "ne_synonym": true
    },
    "106": {
        "meaning": "Nguy\u1ec5n Sinh Khi\u00eam",
        "words": [
            "nguy\u1ec5n_sinh_khi\u00eam",
            "sinh khi\u00eam",
            "khi\u00eam",
            "nguy\u1ec5n_t\u1ea5t_\u0111\u1ea1t",
            "t\u1ea5t_\u0111\u1ea1t",
            "\u0111\u1ea1t"
        ],
        "ne_synonym": false
    },
    "71": {
        "meaning": "T\u00ean",
        "words": [
            "t\u00ean",
            "danh"
        ],
        "ne_synonym": false
    },
    "102": {
        "meaning": "Synonym ai (Who)",
        "words": [
            "ai",
            "ng\u01b0\u1eddi n\u00e0o",
            "th\u00e0nh_ph\u1ea7n n\u00e0o",
            "v\u1ecb n\u00e0o"
        ],
        "ne_synonym": false
    },
    "73": {
        "meaning": "b\u01b0\u1edbc \u0111\u1ea7u",
        "words": [
            "b\u01b0\u1edbc_\u0111\u1ea7u",
            "b\u1eaft_\u0111\u1ea7u",
            "kh\u1edfi_ngu\u1ed3n"
        ],
        "ne_synonym": false
    },
    "72": {
        "meaning": "ti\u1ebfp thu",
        "words": [
            "ti\u1ebfp_thu",
            "l\u0129nh ng\u1ed9",
            "l\u0129nh_h\u1ed9i"
        ],
        "ne_synonym": false
    },
    "105": {
        "meaning": "d\u1ea1y h\u1ecdc",
        "words": [
            "d\u1ea1y",
            "d\u1ea1y_h\u1ecdc",
            "truy\u1ec1n_\u0111\u1ea1t"
        ],
        "ne_synonym": false
    },
    "70": {
        "meaning": "C\u1ea3m \u01a1n",
        "words": [
            "c\u1ea3m_\u01a1n",
            "c\u1ea3m_t\u1ea1"
        ],
        "ne_synonym": false
    },
    "42": {
        "meaning": "Th\u00f4ng t\u1ea5n Reuter",
        "words": [
            "Reuter",
            "Roit\u01a1"
        ],
        "ne_synonym": false
    },
    "44": {
        "meaning": "\u0111\u1eb7c \u0111i\u1ec3m",
        "words": [
            "\u0111\u1eb7c_t\u00ednh",
            "t\u00ednh_ch\u1ea5t",
            "\u0111\u1eb7c_\u0111i\u1ec3m",
            "\u0111\u1eb7c \u0111i\u1ec3m"
        ],
        "ne_synonym": false
    },
    "66": {
        "meaning": "anh",
        "words": [
            "anh",
            "anh_trai",
            "huynh"
        ],
        "ne_synonym": false
    },
    "63": {
        "meaning": "Ho\u00e0ng Th\u1ecb Loan",
        "words": [
            "ho\u00e0ng_th\u1ecb_loan",
            "th\u1ecb_loan",
            "loan"
        ],
        "ne_synonym": false
    },
    "97": {
        "meaning": "m\u1eb9 B\u00e1c H\u1ed3",
        "words": [
            "m\u1eb9 b\u00e1c_h\u1ed3",
            "v\u1ee3 nguy\u1ec5n_sinh_s\u1eafc",
            "con g\u00e1i Ho\u00e0ng_\u0110\u01b0\u1eddng",
            "con g\u00e1i Nguy\u1ec5n_Th\u1ecb_K\u00e9p",
            "ho\u00e0ng_th\u1ecb_loan"
        ],
        "ne_synonym": true
    },
    "68": {
        "meaning": "s\u1ed1ng",
        "words": [
            "sinh_s\u1ed1ng",
            "c\u01b0_tr\u00fa",
            "tr\u00fa_ng\u1ee5",
            "s\u1ed1ng",
            "\u1edf"
        ],
        "ne_synonym": false
    },
    "14": {
        "meaning": "l\u00f4i cu\u1ed1n",
        "words": [
            "h\u1ea5p_d\u1eabn",
            "l\u00f4i_cu\u1ed1n",
            "h\u00fat_h\u1ed3n",
            "thu_h\u00fat",
            "l\u00f4i_cu\u1ed1n"
        ],
        "ne_synonym": false
    },
    "61": {
        "meaning": "X\u00f4vi\u1ebft Ngh\u1ec7 An",
        "words": [
            "X\u00f4vi\u1ebft_Ngh\u1ec7_An",
            "X\u00f4vi\u1ebft_Ngh\u1ec7_T\u0129nh"
        ],
        "ne_synonym": false
    },
    "75": {
        "meaning": "ti\u1ebfp x\u00fac",
        "words": [
            "ti\u1ebfp_x\u00fac",
            "g\u1eb7p",
            "b\u1eaft_g\u1eb7p",
            "bi\u1ebft \u0111\u1ebfn"
        ],
        "ne_synonym": false
    },
    "38": {
        "meaning": "h\u1ed3i nh\u1ecf (th\u1eddi tr\u1ebb con)",
        "words": [
            "h\u1ed3i nh\u1ecf",
            "khai_sinh",
            "th\u1eddi tr\u1ebb_con",
            "th\u1eddi ni\u00ean_thi\u1ebfu",
            "th\u1eddi c\u00f2n th\u01a1",
            "h\u1ed3i \u0111i h\u1ecdc"
        ],
        "ne_synonym": false
    },
    "37": {
        "meaning": "sinh",
        "words": [
            "\u0111\u1ebb",
            "sinh",
            "ra_\u0111\u1eddi"
        ],
        "ne_synonym": false
    },
    "82": {
        "meaning": "\u0111i\u1ec7n (\u0111i\u1ec7n ph\u1ecfng v\u1ea5n)",
        "words": [
            "\u0111i\u1ec7n",
            "cu\u1ed9c",
            "b\u00e0i",
            "bu\u1ed5i"
        ],
        "ne_synonym": false
    },
    "17": {
        "meaning": "giao",
        "words": [
            "giao_ph\u00f3",
            "giao",
            "\u0111i\u1ec1u_ph\u1ed1i"
        ],
        "ne_synonym": false
    },
    "15": {
        "meaning": "g\u1ed3m",
        "words": [
            "g\u1ed3m",
            "bao_g\u1ed3m",
            "bao_h\u00e0m"
        ],
        "ne_synonym": false
    },
    "16": {
        "meaning": "v\u0169 kh\u00ed",
        "words": [
            "v\u0169_kh\u00ed",
            "qu\u00e2n_trang",
            "binh_kh\u00ed",
            "v\u0169_trang"
        ],
        "ne_synonym": false
    },
    "32": {
        "meaning": "Mao Tr\u1ea1ch \u0110\u00f4ng",
        "words": [
            "mao",
            "Mao_Tr\u1ea1ch_\u0110\u00f4ng",
            "ch\u1ee7_t\u1ecbch Mao"
        ],
        "ne_synonym": false
    },
    "31": {
        "meaning": "tin \u0111\u1ed3n",
        "words": [
            "tin_\u0111\u1ed3n",
            "l\u1eddi \u0111\u1ed3n",
            "tin_t\u1ee9c",
            "tin"
        ],
        "ne_synonym": false
    },
    "103": {
        "meaning": "c\u00f9ng",
        "words": [
            "c\u00f9ng",
            "v\u1edbi"
        ],
        "ne_synonym": false
    },
    "85": {
        "meaning": "v\u00e0o",
        "words": [
            "t\u1edbi",
            "\u0111\u1ebfn",
            "\u0111i",
            "v\u00f4",
            "v\u00e0o"
        ],
        "ne_synonym": false
    },
    "69": {
        "meaning": "b\u1eaft \u0111\u1ea7u",
        "words": [
            "b\u1eaft_\u0111\u1ea7u",
            "kh\u1edfi_\u0111\u1ea7u",
            "kh\u1edfi_\u0111\u1ed9ng",
            "ban_\u0111\u1ea7u"
        ],
        "ne_synonym": false
    },
    "87": {
        "meaning": "\u0111\u1ed7",
        "words": [
            "\u0111\u1ed7",
            "\u0111\u1eadu",
            "\u0111\u1ea1t"
        ],
        "ne_synonym": false
    },
    "62": {
        "meaning": "m\u1eb9",
        "words": [
            "th\u00e2n_m\u1eabu",
            "m\u1eabu_th\u00e2n",
            "m\u1eb9",
            "m\u00e1"
        ],
        "ne_synonym": false
    },
    "108": {
        "meaning": "Synonym nh\u01b0 th\u1ebf n\u00e0o (How)",
        "words": [
            "nh\u01b0_th\u1ebf_n\u00e0o",
            "ra l\u00e0m_sao"
        ],
        "ne_synonym": false
    },
    "79": {
        "meaning": "t\u00ean b\u00e0 ngo\u1ea1i B\u00e1c",
        "words": [
            "Nguy\u1ec5n_Th\u1ecb_K\u00e9p",
            "b\u00e0 ngo\u1ea1i B\u00e1c_H\u1ed3",
            "m\u1eb9 b\u1ed1 B\u00e1c_H\u1ed3",
            "m\u1eb9 Nguy\u1ec5n_Sinh_S\u1eafc",
            "v\u1ee3 Ho\u00e0ng_\u0110\u01b0\u1eddng",
            "b\u00e0 ngo\u1ea1i Nguy\u1ec5n_Sinh_Khi\u00eam",
            "b\u00e0 ngo\u1ea1i Nguy\u1ec5n_T\u1ea5t_\u0110\u1ea1t",
            "b\u00e0 ngo\u1ea1i Nguy\u1ec5n_Th\u1ecb_Thanh"
        ],
        "ne_synonym": true
    },
    "99": {
        "meaning": "Nguy\u1ec5n Th\u1ecb K\u00e9p",
        "words": [
            "Nguy\u1ec5n_Th\u1ecb_K\u00e9p",
            "K\u00e9p"
        ],
        "ne_synonym": false
    },
    "94": {
        "meaning": "Nguy\u1ec5n Sinh \u0110\u1ed9",
        "words": [
            "Nguy\u1ec5n_Sinh_\u0110\u1ed9",
            "\u0110\u1ed9"
        ],
        "ne_synonym": true
    },
    "92": {
        "meaning": "qu\u00ea n\u1ed9i",
        "words": [
            "qu\u00ea n\u1ed9i",
            "l\u00e0ng Kim_Li\u00ean",
            "Ngh\u1ec7_An",
            "huy\u1ec7n Nam_\u0110\u00e0n",
            "l\u00e0ng Ho\u00e0ng_Tr\u00f9",
            "x\u00e3 Chung_C\u1ef1",
            "t\u1ed5ng L\u00e2m_Th\u1ecbnh"
        ],
        "ne_synonym": true
    },
    "93": {
        "meaning": "nh\u00e0",
        "words": [
            "gia_\u0111\u00ecnh",
            "nh\u00e0"
        ],
        "ne_synonym": false
    },
    "64": {
        "meaning": "t\u00ean ch\u1ecb B\u00e1c",
        "words": [
            "nguy\u1ec5n_th\u1ecb_b\u1ea1ch_li\u00ean",
            "nguy\u1ec5n_th\u1ecb_thanh",
            "b\u1ea1ch_li\u00ean",
            "li\u00ean",
            "thanh"
        ],
        "ne_synonym": false
    },
    "112": {
        "meaning": "Ch\u1ecb B\u00e1c H\u1ed3",
        "words": [
            "ch\u1ecb_g\u00e1i h\u1ed3_ch\u00ed_minh",
            "con g\u00e1i nguy\u1ec5n_sinh_s\u1eafc",
            "con g\u00e1i ho\u00e0ng_th\u1ecb_loan",
            "ch\u00e1u g\u00e1i c\u1ee5 Ho\u00e0ng_\u0110\u01b0\u1eddng",
            "ch\u00e1u g\u00e1i c\u1ee5 nguy\u1ec5n_th\u1ecb_k\u00e9p",
            "nguy\u1ec5n_th\u1ecb_thanh"
        ],
        "ne_synonym": true
    },
    "67": {
        "meaning": "ch\u1ecb",
        "words": [
            "ch\u1ecb",
            "ch\u1ecb_g\u00e1i",
            "t\u1ef7"
        ],
        "ne_synonym": false
    },
    "39": {
        "meaning": "B\u1ed1",
        "words": [
            "th\u00e2n_ph\u1ee5",
            "t\u00eda",
            "b\u1ed1",
            "ph\u1ee5_th\u00e2n",
            "ba",
            "cha"
        ],
        "ne_synonym": false
    },
    "114": {
        "meaning": "Anh ch\u1ecb em",
        "words": [
            "anh_ch\u1ecb_em",
            "huynh_\u0111\u1ec7"
        ],
        "ne_synonym": false
    },
    "109": {
        "meaning": "mai t\u00e1ng",
        "words": [
            "h\u1eadu_s\u1ef1",
            "mai_t\u00e1ng"
        ],
        "ne_synonym": false
    },
    "110": {
        "meaning": "l\u00e1ng gi\u1ec1ng",
        "words": [
            "l\u00e1ng_gi\u1ec1ng",
            "h\u00e0ng_x\u00f3m"
        ],
        "ne_synonym": false
    },
    "90": {
        "meaning": "B\u00e0 ngo\u1ea1i",
        "words": [
            "B\u00e0 ngo\u1ea1i",
            "B\u00e0 v\u00e3i",
            "B\u00e0"
        ],
        "ne_synonym": false
    },
    "111": {
        "meaning": "m\u1ea5y",
        "words": [
            "m\u1ea5y",
            "bao_nhi\u00eau"
        ],
        "ne_synonym": false
    }
}